note_id,original_id,bar,voice,staff,ordinal
mn-1-1-1-1,n1,1,1,1,1
mn-1-5-2-1,r1,1,5,2,1
mn-1-7-2-1,n2,1,7,2,1
mn-1-7-2-2,n3,1,7,2,2
mn-1-7-2-3,n4,1,7,2,3
mn-1-7-2-4,n5,1,7,2,4
mn-1-7-2-5,n6,1,7,2,5
mn-1-7-1-1,n7,1,7,1,1
mn-1-7-1-2,n8,1,7,1,2
mn-2-1-1-1,n9,2,1,1,1
mn-2-2-1-1,n10,2,2,1,1
mn-2-2-1-2,n11,2,2,1,2
mn-2-2-1-3,n12,2,2,1,3
mn-2-2-1-4,n13,2,2,1,4
mn-2-2-1-5,n14,2,2,1,5
mn-2-2-1-6,n15,2,2,1,6
mn-2-2-1-7,n16,2,2,1,7
mn-2-2-1-8,n17,2,2,1,8
mn-2-2-1-9,n18,2,2,1,9
mn-2-2-1-10,n19,2,2,1,10
mn-2-2-1-11,n20,2,2,1,11
mn-2-2-1-12,n21,2,2,1,12
mn-2-2-1-13,n22,2,2,1,13
mn-2-5-2-1,n23,2,5,2,1
mn-2-5-2-2,n24,2,5,2,2
mn-2-5-2-3,n25,2,5,2,3
mn-2-5-2-4,n26,2,5,2,4
mn-2-5-2-5,n27,2,5,2,5
mn-2-5-2-6,n28,2,5,2,6
mn-2-5-2-7,n29,2,5,2,7
mn-3-1-1-1,n30,3,1,1,1
mn-3-2-1-1,n31,3,2,1,1
mn-3-2-1-2,n32,3,2,1,2
mn-3-2-1-3,n33,3,2,1,3
mn-3-2-1-4,n34,3,2,1,4
mn-3-2-1-5,n35,3,2,1,5
mn-3-2-1-6,n36,3,2,1,6
mn-3-5-2-1,n37,3,5,2,1
mn-3-5-2-2,n38,3,5,2,2
mn-3-5-2-3,n39,3,5,2,3
mn-3-5-2-4,n40,3,5,2,4
mn-3-5-2-5,n41,3,5,2,5
mn-3-5-2-6,n42,3,5,2,6
mn-3-5-2-7,n43,3,5,2,7
mn-3-5-2-8,n44,3,5,2,8
mn-4-1-1-1,n45,4,1,1,1
mn-4-2-1-1,n46,4,2,1,1
mn-4-2-1-2,n47,4,2,1,2
mn-4-2-1-3,n48,4,2,1,3
mn-4-2-1-4,n49,4,2,1,4
mn-4-2-1-5,n50,4,2,1,5
mn-4-2-1-6,n51,4,2,1,6
mn-4-2-1-7,n52,4,2,1,7
mn-4-2-1-8,n53,4,2,1,8
mn-4-2-1-9,n54,4,2,1,9
mn-4-2-1-10,n55,4,2,1,10
mn-4-2-1-11,n56,4,2,1,11
mn-4-2-1-12,n57,4,2,1,12
mn-4-5-2-1,n58,4,5,2,1
mn-4-5-2-2,n59,4,5,2,2
mn-4-5-2-3,n60,4,5,2,3
mn-4-5-2-4,n61,4,5,2,4
mn-4-5-2-5,n62,4,5,2,5
mn-4-5-2-6,n63,4,5,2,6
mn-4-5-2-7,n64,4,5,2,7
mn-4-5-2-8,n65,4,5,2,8
mn-4-5-2-9,n66,4,5,2,9
mn-4-5-2-10,n67,4,5,2,10
mn-4-5-2-11,n68,4,5,2,11
mn-4-5-2-12,n69,4,5,2,12
mn-4-5-2-13,n70,4,5,2,13
mn-5-1-1-1,n71,5,1,1,1
mn-5-1-1-2,n72,5,1,1,2
mn-5-1-1-3,n73,5,1,1,3
mn-5-1-1-4,n74,5,1,1,4
mn-5-1-1-5,n75,5,1,1,5
mn-5-1-1-6,n76,5,1,1,6
mn-5-1-1-7,n77,5,1,1,7
mn-5-2-1-1,n78,5,2,1,1
mn-5-2-1-2,n79,5,2,1,2
mn-5-2-1-3,n80,5,2,1,3
mn-5-2-1-4,n81,5,2,1,4
mn-5-2-2-1,n82,5,2,2,1
mn-5-2-2-2,n83,5,2,2,2
mn-5-2-2-3,n84,5,2,2,3
mn-5-2-2-4,n85,5,2,2,4
mn-5-2-2-5,n86,5,2,2,5
mn-5-2-2-6,n87,5,2,2,6
mn-5-5-2-1,n88,5,5,2,1
mn-5-5-2-2,n89,5,5,2,2
mn-5-5-2-3,n90,5,5,2,3
mn-5-5-2-4,n91,5,5,2,4
mn-5-5-2-5,n92,5,5,2,5
mn-5-5-2-6,n93,5,5,2,6
mn-5-5-2-7,n94,5,5,2,7
mn-5-5-2-8,n95,5,5,2,8
mn-5-5-2-9,n96,5,5,2,9
mn-5-5-2-10,n97,5,5,2,10
mn-5-5-2-11,n98,5,5,2,11
mn-5-5-2-12,n99,5,5,2,12
mn-5-5-2-13,n100,5,5,2,13
mn-6-1-1-1,n101,6,1,1,1
mn-6-1-1-2,n102,6,1,1,2
mn-6-2-1-1,n103,6,2,1,1
mn-6-2-1-2,n104,6,2,1,2
mn-6-2-1-3,n105,6,2,1,3
mn-6-2-1-4,n106,6,2,1,4
mn-6-2-1-5,n107,6,2,1,5
mn-6-2-1-6,n108,6,2,1,6
mn-6-2-1-7,n109,6,2,1,7
mn-6-5-2-1,n110,6,5,2,1
mn-6-5-2-2,n111,6,5,2,2
mn-6-5-2-3,n112,6,5,2,3
mn-6-5-2-4,n113,6,5,2,4
mn-6-5-2-5,n114,6,5,2,5
mn-6-5-2-6,n115,6,5,2,6
mn-6-5-2-7,n116,6,5,2,7
mn-6-5-2-8,n117,6,5,2,8
mn-6-6-2-1,n118,6,6,2,1
mn-6-6-2-2,n119,6,6,2,2
mn-6-6-2-3,n120,6,6,2,3
mn-6-6-2-4,n121,6,6,2,4
mn-6-6-2-5,n122,6,6,2,5
mn-6-6-2-6,n123,6,6,2,6
mn-6-6-2-7,n124,6,6,2,7
mn-6-6-2-8,n125,6,6,2,8
mn-6-6-2-9,n126,6,6,2,9
mn-6-6-2-10,n127,6,6,2,10
mn-6-6-2-11,n128,6,6,2,11
mn-6-6-2-12,n129,6,6,2,12
mn-6-6-2-13,n130,6,6,2,13
mn-7-1-1-1,n131,7,1,1,1
mn-7-1-1-2,n132,7,1,1,2
mn-7-1-1-3,n133,7,1,1,3
mn-7-2-1-1,n134,7,2,1,1
mn-7-2-1-2,n135,7,2,1,2
mn-7-2-1-3,n136,7,2,1,3
mn-7-2-1-4,n137,7,2,1,4
mn-7-2-1-5,n138,7,2,1,5
mn-7-2-1-6,n139,7,2,1,6
mn-7-2-1-7,n140,7,2,1,7
mn-7-2-1-8,n141,7,2,1,8
mn-7-2-1-9,n142,7,2,1,9
mn-7-2-1-10,n143,7,2,1,10
mn-7-2-1-11,n144,7,2,1,11
mn-7-2-1-12,n145,7,2,1,12
mn-7-2-1-13,n146,7,2,1,13
mn-7-5-2-1,n147,7,5,2,1
mn-7-5-2-2,n148,7,5,2,2
mn-7-5-2-3,n149,7,5,2,3
mn-7-5-2-4,n150,7,5,2,4
mn-7-6-2-1,n151,7,6,2,1
mn-7-6-2-2,n152,7,6,2,2
mn-7-6-2-3,n153,7,6,2,3
mn-7-6-2-4,n154,7,6,2,4
mn-7-6-2-5,n155,7,6,2,5
mn-7-6-2-6,n156,7,6,2,6
mn-7-6-2-7,n157,7,6,2,7
mn-7-6-2-8,n158,7,6,2,8
mn-7-6-2-9,n159,7,6,2,9
mn-8-1-1-1,n160,8,1,1,1
mn-8-1-1-2,n161,8,1,1,2
mn-8-1-1-3,n162,8,1,1,3
mn-8-1-1-4,n163,8,1,1,4
mn-8-1-1-5,n164,8,1,1,5
mn-8-1-1-6,n165,8,1,1,6
mn-8-1-1-7,n166,8,1,1,7
mn-8-1-1-8,n167,8,1,1,8
mn-8-1-1-9,n168,8,1,1,9
mn-8-2-1-1,n169,8,2,1,1
mn-8-2-1-2,n170,8,2,1,2
mn-8-5-2-1,n171,8,5,2,1
mn-8-5-2-2,n172,8,5,2,2
mn-8-5-2-3,n173,8,5,2,3
mn-8-5-2-4,n174,8,5,2,4
mn-8-5-2-5,n175,8,5,2,5
mn-8-5-2-6,n176,8,5,2,6
mn-8-5-2-7,n177,8,5,2,7
mn-8-5-2-8,n178,8,5,2,8
mn-8-5-2-9,n179,8,5,2,9
mn-8-5-2-10,n180,8,5,2,10
mn-8-5-2-11,n181,8,5,2,11
mn-8-5-2-12,n182,8,5,2,12
mn-8-5-2-13,n183,8,5,2,13
mn-9-1-1-1,n184,9,1,1,1
mn-9-1-1-2,n185,9,1,1,2
mn-9-1-1-3,n186,9,1,1,3
mn-9-2-1-1,n187,9,2,1,1
mn-9-2-1-2,n188,9,2,1,2
mn-9-2-1-3,n189,9,2,1,3
mn-9-2-1-4,n190,9,2,1,4
mn-9-2-1-5,n191,9,2,1,5
mn-9-2-1-6,n192,9,2,1,6
mn-9-5-2-1,n193,9,5,2,1
mn-9-5-2-2,n194,9,5,2,2
mn-9-5-2-3,n195,9,5,2,3
mn-9-5-2-4,n196,9,5,2,4
mn-9-5-2-5,n197,9,5,2,5
mn-9-5-2-6,n198,9,5,2,6
mn-9-5-2-7,n199,9,5,2,7
mn-9-5-2-8,n200,9,5,2,8
mn-9-5-2-9,n201,9,5,2,9
mn-9-5-2-10,n202,9,5,2,10
mn-9-5-2-11,n203,9,5,2,11
mn-9-5-2-12,n204,9,5,2,12
mn-9-5-2-13,n205,9,5,2,13
mn-9-5-2-14,n206,9,5,2,14
mn-10-1-1-1,n207,10,1,1,1
mn-10-1-1-2,n208,10,1,1,2
mn-10-1-1-3,n209,10,1,1,3
mn-10-1-1-4,n210,10,1,1,4
mn-10-1-1-5,n211,10,1,1,5
mn-10-1-1-6,n212,10,1,1,6
mn-10-2-1-1,n213,10,2,1,1
mn-10-2-1-2,n214,10,2,1,2
mn-10-2-1-3,n215,10,2,1,3
mn-10-2-1-4,n216,10,2,1,4
mn-10-2-1-5,n217,10,2,1,5
mn-10-2-1-6,n218,10,2,1,6
mn-10-2-1-7,n219,10,2,1,7
mn-10-2-1-8,n220,10,2,1,8
mn-10-2-1-9,n221,10,2,1,9
mn-10-2-1-10,n222,10,2,1,10
mn-10-2-2-1,n223,10,2,2,1
mn-10-5-2-1,n224,10,5,2,1
mn-10-5-2-2,n225,10,5,2,2
mn-10-5-2-3,n226,10,5,2,3
mn-10-5-2-4,n227,10,5,2,4
mn-10-5-2-5,n228,10,5,2,5
mn-10-5-2-6,n229,10,5,2,6
mn-10-5-2-7,n230,10,5,2,7
mn-10-6-2-1,n231,10,6,2,1
mn-10-6-2-2,n232,10,6,2,2
mn-10-6-2-3,n233,10,6,2,3
mn-10-6-2-4,n234,10,6,2,4
mn-10-6-2-5,n235,10,6,2,5
mn-10-6-2-6,n236,10,6,2,6
mn-10-6-2-7,n237,10,6,2,7
mn-10-6-2-8,n238,10,6,2,8
mn-10-6-2-9,n239,10,6,2,9
mn-10-6-2-10,n240,10,6,2,10
mn-11-1-1-1,n241,11,1,1,1
mn-11-1-1-2,n242,11,1,1,2
mn-11-1-1-3,n243,11,1,1,3
mn-11-1-1-4,n244,11,1,1,4
mn-11-1-1-5,n245,11,1,1,5
mn-11-1-1-6,n246,11,1,1,6
mn-11-1-1-7,n247,11,1,1,7
mn-11-1-1-8,n248,11,1,1,8
mn-11-1-1-9,n249,11,1,1,9
mn-11-1-1-10,n250,11,1,1,10
mn-11-1-1-11,n251,11,1,1,11
mn-11-1-1-12,n252,11,1,1,12
mn-11-1-1-13,n253,11,1,1,13
mn-11-1-1-14,n254,11,1,1,14
mn-11-1-1-15,n255,11,1,1,15
mn-11-1-1-16,n256,11,1,1,16
mn-11-2-1-1,n257,11,2,1,1
mn-11-2-1-2,n258,11,2,1,2
mn-11-2-1-3,n259,11,2,1,3
mn-11-2-1-4,n260,11,2,1,4
mn-11-5-2-1,n261,11,5,2,1
mn-11-5-2-2,n262,11,5,2,2
mn-11-5-2-3,n263,11,5,2,3
mn-11-6-2-1,n264,11,6,2,1
mn-11-6-2-2,n265,11,6,2,2
mn-11-6-2-3,n266,11,6,2,3
mn-11-6-2-4,n267,11,6,2,4
mn-11-6-2-5,n268,11,6,2,5
mn-11-6-2-6,n269,11,6,2,6
mn-11-6-2-7,n270,11,6,2,7
mn-11-6-2-8,n271,11,6,2,8
mn-11-6-2-9,n272,11,6,2,9
mn-11-6-2-10,n273,11,6,2,10
mn-12-1-1-1,r2,12,1,1,1
mn-12-3-1-1,n274,12,3,1,1
mn-12-3-1-2,n275,12,3,1,2
mn-12-3-1-3,n276,12,3,1,3
mn-12-3-1-4,n277,12,3,1,4
mn-12-3-1-5,n278,12,3,1,5
mn-12-3-1-6,n279,12,3,1,6
mn-12-3-1-7,n280,12,3,1,7
mn-12-3-1-8,n281,12,3,1,8
mn-12-3-1-9,n282,12,3,1,9
mn-12-3-1-10,n283,12,3,1,10
mn-12-3-1-11,n284,12,3,1,11
mn-12-3-1-12,n285,12,3,1,12
mn-12-3-1-13,n286,12,3,1,13
mn-12-3-1-14,n287,12,3,1,14
mn-12-3-1-15,n288,12,3,1,15
mn-12-3-1-16,n289,12,3,1,16
mn-12-5-2-1,n290,12,5,2,1
mn-12-5-2-2,n291,12,5,2,2
mn-12-5-2-3,n292,12,5,2,3
mn-12-6-2-1,n293,12,6,2,1
mn-12-6-2-2,n294,12,6,2,2
mn-12-6-2-3,n295,12,6,2,3
mn-12-6-2-4,n296,12,6,2,4
mn-12-6-2-5,n297,12,6,2,5
mn-12-6-2-6,n298,12,6,2,6
mn-12-6-2-7,n299,12,6,2,7
mn-12-6-2-8,n300,12,6,2,8
mn-13-1-1-1,n301,13,1,1,1
mn-13-1-1-2,n302,13,1,1,2
mn-13-1-1-3,n303,13,1,1,3
mn-13-1-1-4,n304,13,1,1,4
mn-13-1-1-5,n305,13,1,1,5
mn-13-1-1-6,n306,13,1,1,6
mn-13-1-1-7,n307,13,1,1,7
mn-13-1-1-8,n308,13,1,1,8
mn-13-1-1-9,n309,13,1,1,9
mn-13-1-1-10,n310,13,1,1,10
mn-13-1-1-11,n311,13,1,1,11
mn-13-1-1-12,n312,13,1,1,12
mn-13-1-1-13,n313,13,1,1,13
mn-13-2-1-1,n314,13,2,1,1
mn-13-2-1-2,n315,13,2,1,2
mn-13-2-1-3,n316,13,2,1,3
mn-13-2-1-4,n317,13,2,1,4
mn-13-2-1-5,n318,13,2,1,5
mn-13-2-1-6,n319,13,2,1,6
mn-13-2-1-7,n320,13,2,1,7
mn-13-5-2-1,n321,13,5,2,1
mn-13-5-2-2,n322,13,5,2,2
mn-13-5-2-3,n323,13,5,2,3
mn-13-5-2-4,n324,13,5,2,4
mn-13-5-2-5,n325,13,5,2,5
mn-13-5-2-6,n326,13,5,2,6
mn-13-5-2-7,n327,13,5,2,7
mn-13-5-2-8,n328,13,5,2,8
mn-13-5-2-9,n329,13,5,2,9
mn-13-5-2-10,n330,13,5,2,10
mn-13-5-2-11,n331,13,5,2,11
mn-13-6-2-1,n332,13,6,2,1
mn-13-6-2-2,n333,13,6,2,2
mn-13-6-2-3,n334,13,6,2,3
mn-13-6-2-4,n335,13,6,2,4
mn-13-6-2-5,n336,13,6,2,5
mn-13-6-2-6,n337,13,6,2,6
mn-14-1-1-1,n338,14,1,1,1
mn-14-1-1-2,n339,14,1,1,2
mn-14-1-1-3,n340,14,1,1,3
mn-14-1-1-4,n341,14,1,1,4
mn-14-1-1-5,n342,14,1,1,5
mn-14-1-1-6,n343,14,1,1,6
mn-14-2-1-1,n344,14,2,1,1
mn-14-2-1-2,n345,14,2,1,2
mn-14-2-1-3,n346,14,2,1,3
mn-14-2-1-4,n347,14,2,1,4
mn-14-2-1-5,n348,14,2,1,5
mn-14-2-1-6,n349,14,2,1,6
mn-14-2-1-7,n350,14,2,1,7
mn-14-2-1-8,n351,14,2,1,8
mn-14-2-1-9,n352,14,2,1,9
mn-14-5-2-1,n353,14,5,2,1
mn-14-5-2-2,n354,14,5,2,2
mn-14-5-2-3,n355,14,5,2,3
mn-14-5-2-4,n356,14,5,2,4
mn-14-5-2-5,n357,14,5,2,5
mn-14-5-2-6,n358,14,5,2,6
mn-14-5-2-7,n359,14,5,2,7
mn-14-6-2-1,n360,14,6,2,1
mn-14-6-2-2,n361,14,6,2,2
mn-14-6-2-3,n362,14,6,2,3
mn-14-6-2-4,n363,14,6,2,4
mn-14-6-2-5,n364,14,6,2,5
mn-14-6-2-6,n365,14,6,2,6
mn-14-6-2-7,n366,14,6,2,7
mn-14-6-2-8,n367,14,6,2,8
mn-14-6-2-9,n368,14,6,2,9
mn-14-6-2-10,n369,14,6,2,10
mn-14-6-2-11,n370,14,6,2,11
mn-14-6-2-12,n371,14,6,2,12
mn-14-6-2-13,n372,14,6,2,13
mn-15-1-1-1,n373,15,1,1,1
mn-15-1-1-2,n374,15,1,1,2
mn-15-1-1-3,n375,15,1,1,3
mn-15-2-1-1,n376,15,2,1,1
mn-15-2-1-2,n377,15,2,1,2
mn-15-2-1-3,n378,15,2,1,3
mn-15-2-1-4,n379,15,2,1,4
mn-15-2-1-5,n380,15,2,1,5
mn-15-2-1-6,n381,15,2,1,6
mn-15-2-1-7,n382,15,2,1,7
mn-15-2-1-8,n383,15,2,1,8
mn-15-2-1-9,n384,15,2,1,9
mn-15-2-1-10,n385,15,2,1,10
mn-15-2-1-11,n386,15,2,1,11
mn-15-2-1-12,n387,15,2,1,12
mn-15-5-2-1,r3,15,5,2,1
mn-15-6-2-1,n388,15,6,2,1
mn-15-6-2-2,n389,15,6,2,2
mn-15-6-2-3,n390,15,6,2,3
mn-15-6-2-4,n391,15,6,2,4
mn-15-6-2-5,n392,15,6,2,5
mn-15-6-2-6,n393,15,6,2,6
mn-15-6-2-7,n394,15,6,2,7
mn-15-6-2-8,n395,15,6,2,8
mn-15-6-2-9,n396,15,6,2,9
mn-15-6-2-10,n397,15,6,2,10
mn-15-6-2-11,n398,15,6,2,11
mn-15-6-2-12,n399,15,6,2,12
mn-16-1-1-1,n400,16,1,1,1
mn-16-1-1-2,n401,16,1,1,2
mn-16-1-1-3,n402,16,1,1,3
mn-16-1-1-4,n403,16,1,1,4
mn-16-1-1-5,n404,16,1,1,5
mn-16-1-1-6,n405,16,1,1,6
mn-16-1-1-7,n406,16,1,1,7
mn-16-1-1-8,n407,16,1,1,8
mn-16-1-1-9,n408,16,1,1,9
mn-16-1-1-10,n409,16,1,1,10
mn-16-1-1-11,n410,16,1,1,11
mn-16-1-1-12,n411,16,1,1,12
mn-16-1-1-13,n412,16,1,1,13
mn-16-2-1-1,n413,16,2,1,1
mn-16-2-1-2,n414,16,2,1,2
mn-16-2-1-3,n415,16,2,1,3
mn-16-5-2-1,n416,16,5,2,1
mn-16-5-2-2,n417,16,5,2,2
mn-16-5-2-3,n418,16,5,2,3
mn-16-5-2-4,n419,16,5,2,4
mn-16-5-2-5,n420,16,5,2,5
mn-16-5-2-6,n421,16,5,2,6
mn-16-5-2-7,n422,16,5,2,7
mn-16-5-2-8,n423,16,5,2,8
mn-16-5-2-9,n424,16,5,2,9
mn-17-1-1-1,n425,17,1,1,1
mn-17-1-1-2,n426,17,1,1,2
mn-17-1-1-3,n427,17,1,1,3
mn-17-1-1-4,n428,17,1,1,4
mn-17-1-1-5,n429,17,1,1,5
mn-17-1-1-6,n430,17,1,1,6
mn-17-1-1-7,n431,17,1,1,7
mn-17-1-1-8,n432,17,1,1,8
mn-17-1-1-9,n433,17,1,1,9
mn-17-1-1-10,n434,17,1,1,10
mn-17-1-1-11,n435,17,1,1,11
mn-17-1-1-12,n436,17,1,1,12
mn-17-1-1-13,n437,17,1,1,13
mn-17-1-1-14,n438,17,1,1,14
mn-17-1-1-15,n439,17,1,1,15
mn-17-1-1-16,n440,17,1,1,16
mn-17-5-2-1,r4,17,5,2,1
mn-17-5-2-2,n441,17,5,2,2
mn-17-5-2-3,n442,17,5,2,3
mn-17-5-2-4,n443,17,5,2,4
mn-17-5-2-5,n444,17,5,2,5
mn-17-5-2-6,n445,17,5,2,6
mn-17-5-2-7,n446,17,5,2,7
mn-17-6-2-1,n447,17,6,2,1
mn-17-6-2-2,n448,17,6,2,2
mn-17-6-2-3,n449,17,6,2,3
mn-17-6-2-4,n450,17,6,2,4
mn-17-6-2-5,r5,17,6,2,5
mn-17-6-2-6,n451,17,6,2,6
mn-17-6-2-7,n452,17,6,2,7
mn-18-1-1-1,n453,18,1,1,1
mn-18-1-1-2,n454,18,1,1,2
mn-18-1-1-3,n455,18,1,1,3
mn-18-1-1-4,n456,18,1,1,4
mn-18-1-1-5,n457,18,1,1,5
mn-18-1-1-6,n458,18,1,1,6
mn-18-1-1-7,n459,18,1,1,7
mn-18-1-1-8,n460,18,1,1,8
mn-18-2-1-1,r6,18,2,1,1
mn-18-2-1-2,n461,18,2,1,2
mn-18-2-1-3,n462,18,2,1,3
mn-18-2-1-4,n463,18,2,1,4
mn-18-2-1-5,n464,18,2,1,5
mn-18-2-1-6,n465,18,2,1,6
mn-18-2-1-7,n466,18,2,1,7
mn-18-5-2-1,n467,18,5,2,1
mn-18-5-2-2,n468,18,5,2,2
mn-18-5-2-3,n469,18,5,2,3
mn-18-5-2-4,n470,18,5,2,4
mn-18-5-2-5,n471,18,5,2,5
mn-18-5-2-6,n472,18,5,2,6
mn-18-6-2-1,n473,18,6,2,1
mn-18-6-2-2,n474,18,6,2,2
mn-18-6-2-3,n475,18,6,2,3
mn-18-6-2-4,n476,18,6,2,4
mn-18-6-2-5,n477,18,6,2,5
mn-18-6-2-6,n478,18,6,2,6
mn-18-6-2-7,n479,18,6,2,7
mn-18-6-2-8,n480,18,6,2,8
mn-18-6-2-9,n481,18,6,2,9
mn-18-6-2-10,n482,18,6,2,10
mn-18-6-2-11,n483,18,6,2,11
mn-18-6-2-12,n484,18,6,2,12
mn-18-6-2-13,n485,18,6,2,13
mn-19-1-1-1,n486,19,1,1,1
mn-19-1-1-2,n487,19,1,1,2
mn-19-1-1-3,n488,19,1,1,3
mn-19-1-1-4,n489,19,1,1,4
mn-19-1-1-5,n490,19,1,1,5
mn-19-1-1-6,n491,19,1,1,6
mn-19-1-1-7,n492,19,1,1,7
mn-19-1-1-8,n493,19,1,1,8
mn-19-1-1-9,n494,19,1,1,9
mn-19-1-1-10,n495,19,1,1,10
mn-19-2-1-1,n496,19,2,1,1
mn-19-2-1-2,r7,19,2,1,2
mn-19-2-1-3,n497,19,2,1,3
mn-19-2-1-4,n498,19,2,1,4
mn-19-2-1-5,n499,19,2,1,5
mn-19-2-1-6,n500,19,2,1,6
mn-19-2-1-7,n501,19,2,1,7
mn-19-2-1-8,n502,19,2,1,8
mn-19-2-1-9,n503,19,2,1,9
mn-19-2-1-10,n504,19,2,1,10
mn-19-2-1-11,n505,19,2,1,11
mn-19-2-1-12,n506,19,2,1,12
mn-19-2-1-13,n507,19,2,1,13
mn-19-5-2-1,n508,19,5,2,1
mn-19-5-2-2,n509,19,5,2,2
mn-19-5-2-3,n510,19,5,2,3
mn-19-5-2-4,n511,19,5,2,4
mn-19-5-2-5,n512,19,5,2,5
mn-19-6-2-1,n513,19,6,2,1
mn-19-6-2-2,n514,19,6,2,2
mn-19-6-2-3,n515,19,6,2,3
mn-20-1-1-1,n516,20,1,1,1
mn-20-1-1-2,n517,20,1,1,2
mn-20-1-1-3,n518,20,1,1,3
mn-20-1-1-4,n519,20,1,1,4
mn-20-1-1-5,n520,20,1,1,5
mn-20-1-1-6,n521,20,1,1,6
mn-20-1-1-7,n522,20,1,1,7
mn-20-1-1-8,n523,20,1,1,8
mn-20-1-1-9,n524,20,1,1,9
mn-20-2-1-1,n525,20,2,1,1
mn-20-2-1-2,n526,20,2,1,2
mn-20-2-1-3,n527,20,2,1,3
mn-20-2-1-4,n528,20,2,1,4
mn-20-2-1-5,n529,20,2,1,5
mn-20-2-1-6,n530,20,2,1,6
mn-20-2-1-7,n531,20,2,1,7
mn-20-2-1-8,n532,20,2,1,8
mn-20-2-1-9,n533,20,2,1,9
mn-20-2-1-10,n534,20,2,1,10
mn-20-2-1-11,n535,20,2,1,11
mn-20-2-1-12,n536,20,2,1,12
mn-20-2-1-13,n537,20,2,1,13
mn-20-2-1-14,n538,20,2,1,14
mn-20-2-1-15,n539,20,2,1,15
mn-20-2-1-16,n540,20,2,1,16
mn-20-5-2-1,n541,20,5,2,1
mn-20-5-2-2,n542,20,5,2,2
mn-20-5-2-3,n543,20,5,2,3
mn-21-1-1-1,n544,21,1,1,1
mn-21-1-1-2,n545,21,1,1,2
mn-21-1-1-3,n546,21,1,1,3
mn-21-2-1-1,n547,21,2,1,1
mn-21-2-1-2,n548,21,2,1,2
mn-21-2-1-3,n549,21,2,1,3
mn-21-2-1-4,n550,21,2,1,4
mn-21-2-1-5,n551,21,2,1,5
mn-21-2-1-6,n552,21,2,1,6
mn-21-2-1-7,n553,21,2,1,7
mn-21-5-2-1,n554,21,5,2,1
mn-21-5-2-2,n555,21,5,2,2
mn-21-5-2-3,n556,21,5,2,3
mn-21-5-2-4,n557,21,5,2,4
mn-21-5-2-5,n558,21,5,2,5
mn-21-5-2-6,n559,21,5,2,6
mn-21-5-2-7,n560,21,5,2,7
mn-21-5-2-8,n561,21,5,2,8
mn-21-5-2-9,n562,21,5,2,9
mn-21-5-2-10,n563,21,5,2,10
mn-21-5-2-11,n564,21,5,2,11
mn-21-5-2-12,n565,21,5,2,12
mn-21-5-2-13,n566,21,5,2,13
mn-21-5-2-14,n567,21,5,2,14
mn-21-5-2-15,n568,21,5,2,15
mn-21-5-2-16,n569,21,5,2,16
mn-22-1-1-1,n570,22,1,1,1
mn-22-1-1-2,n571,22,1,1,2
mn-22-1-1-3,n572,22,1,1,3
mn-22-1-1-4,n573,22,1,1,4
mn-22-2-1-1,n574,22,2,1,1
mn-22-2-1-2,n575,22,2,1,2
mn-22-2-1-3,n576,22,2,1,3
mn-22-2-1-4,n577,22,2,1,4
mn-22-2-1-5,n578,22,2,1,5
mn-22-2-1-6,n579,22,2,1,6
mn-22-2-1-7,n580,22,2,1,7
mn-22-2-1-8,n581,22,2,1,8
mn-22-2-1-9,n582,22,2,1,9
mn-22-2-1-10,n583,22,2,1,10
mn-22-2-1-11,n584,22,2,1,11
mn-22-2-1-12,n585,22,2,1,12
mn-22-5-2-1,n586,22,5,2,1
mn-22-5-2-2,n587,22,5,2,2
mn-22-5-2-3,n588,22,5,2,3
mn-22-5-2-4,n589,22,5,2,4
mn-22-5-2-5,n590,22,5,2,5
mn-22-5-2-6,n591,22,5,2,6
mn-22-5-2-7,n592,22,5,2,7
mn-22-5-2-8,n593,22,5,2,8
mn-22-5-2-9,n594,22,5,2,9
mn-22-5-2-10,n595,22,5,2,10
mn-22-5-2-11,n596,22,5,2,11
mn-22-5-2-12,n597,22,5,2,12
mn-23-1-1-1,n598,23,1,1,1
mn-23-1-1-2,n599,23,1,1,2
mn-23-1-1-3,n600,23,1,1,3
mn-23-2-1-1,n601,23,2,1,1
mn-23-2-1-2,n602,23,2,1,2
mn-23-2-1-3,n603,23,2,1,3
mn-23-2-1-4,n604,23,2,1,4
mn-23-2-1-5,n605,23,2,1,5
mn-23-2-1-6,n606,23,2,1,6
mn-23-2-1-7,n607,23,2,1,7
mn-23-2-1-8,n608,23,2,1,8
mn-23-2-1-9,n609,23,2,1,9
mn-23-2-1-10,n610,23,2,1,10
mn-23-5-2-1,n611,23,5,2,1
mn-23-5-2-2,n612,23,5,2,2
mn-23-5-2-3,n613,23,5,2,3
mn-23-5-2-4,n614,23,5,2,4
mn-23-5-2-5,n615,23,5,2,5
mn-23-5-2-6,n616,23,5,2,6
mn-23-5-2-7,n617,23,5,2,7
mn-23-5-2-8,n618,23,5,2,8
mn-23-5-2-9,n619,23,5,2,9
mn-23-5-2-10,n620,23,5,2,10
mn-23-5-2-11,n621,23,5,2,11
mn-23-5-2-12,n622,23,5,2,12
mn-23-5-2-13,n623,23,5,2,13
mn-24-1-1-1,r8,24,1,1,1
mn-24-1-1-2,n624,24,1,1,2
mn-24-1-1-3,n625,24,1,1,3
mn-24-1-1-4,n626,24,1,1,4
mn-24-1-1-5,n627,24,1,1,5
mn-24-1-1-6,n628,24,1,1,6
mn-24-1-1-7,n629,24,1,1,7
mn-24-2-1-1,n630,24,2,1,1
mn-24-2-1-2,r9,24,2,1,2
mn-24-2-1-3,r10,24,2,1,3
mn-24-2-1-4,n631,24,2,1,4
mn-24-2-1-5,n632,24,2,1,5
mn-24-5-2-1,n633,24,5,2,1
mn-24-5-2-2,n634,24,5,2,2
mn-24-5-2-3,n635,24,5,2,3
mn-24-5-2-4,n636,24,5,2,4
mn-24-5-2-5,n637,24,5,2,5
mn-24-5-2-6,n638,24,5,2,6
mn-24-5-2-7,n639,24,5,2,7
mn-24-5-2-8,n640,24,5,2,8
mn-24-5-2-9,n641,24,5,2,9
mn-24-5-2-10,n642,24,5,2,10
mn-24-5-2-11,n643,24,5,2,11
mn-24-5-2-12,n644,24,5,2,12
mn-24-5-2-13,n645,24,5,2,13
mn-24-5-2-14,n646,24,5,2,14
mn-24-5-2-15,n647,24,5,2,15
mn-24-5-2-16,n648,24,5,2,16
mn-25-1-1-1,n649,25,1,1,1
mn-25-1-1-2,n650,25,1,1,2
mn-25-1-1-3,n651,25,1,1,3
mn-25-1-1-4,n652,25,1,1,4
mn-25-1-1-5,n653,25,1,1,5
mn-25-1-1-6,n654,25,1,1,6
mn-25-2-1-1,n655,25,2,1,1
mn-25-2-1-2,n656,25,2,1,2
mn-25-2-1-3,n657,25,2,1,3
mn-25-2-1-4,n658,25,2,1,4
mn-25-2-1-5,n659,25,2,1,5
mn-25-2-1-6,n660,25,2,1,6
mn-25-2-1-7,n661,25,2,1,7
mn-25-2-1-8,n662,25,2,1,8
mn-25-5-2-1,n663,25,5,2,1
mn-25-5-2-2,n664,25,5,2,2
mn-25-5-2-3,n665,25,5,2,3
mn-25-5-2-4,n666,25,5,2,4
mn-25-5-2-5,n667,25,5,2,5
mn-25-5-2-6,n668,25,5,2,6
mn-25-5-2-7,n669,25,5,2,7
mn-25-5-2-8,n670,25,5,2,8
mn-25-5-2-9,n671,25,5,2,9
mn-25-5-2-10,n672,25,5,2,10
mn-25-5-2-11,n673,25,5,2,11
mn-25-5-2-12,n674,25,5,2,12
mn-25-5-2-13,n675,25,5,2,13
mn-25-5-2-14,n676,25,5,2,14
mn-25-5-2-15,n677,25,5,2,15
mn-25-5-2-16,n678,25,5,2,16
mn-26-1-1-1,n679,26,1,1,1
mn-26-1-1-2,n680,26,1,1,2
mn-26-1-1-3,n681,26,1,1,3
mn-26-1-1-4,n682,26,1,1,4
mn-26-1-1-5,n683,26,1,1,5
mn-26-1-1-6,n684,26,1,1,6
mn-26-1-1-7,n685,26,1,1,7
mn-26-1-1-8,n686,26,1,1,8
mn-26-2-1-1,n687,26,2,1,1
mn-26-2-1-2,n688,26,2,1,2
mn-26-2-1-3,n689,26,2,1,3
mn-26-2-1-4,n690,26,2,1,4
mn-26-5-2-1,n691,26,5,2,1
mn-26-5-2-2,n692,26,5,2,2
mn-26-5-2-3,n693,26,5,2,3
mn-26-5-2-4,n694,26,5,2,4
mn-26-5-2-5,n695,26,5,2,5
mn-26-5-2-6,n696,26,5,2,6
mn-26-5-2-7,n697,26,5,2,7
mn-26-5-2-8,n698,26,5,2,8
mn-26-5-2-9,n699,26,5,2,9
mn-26-5-2-10,n700,26,5,2,10
mn-26-5-2-11,n701,26,5,2,11
mn-26-5-2-12,n702,26,5,2,12
mn-26-5-2-13,n703,26,5,2,13
mn-26-5-2-14,n704,26,5,2,14
mn-26-5-2-15,n705,26,5,2,15
mn-26-5-2-16,n706,26,5,2,16
mn-27-1-1-1,n707,27,1,1,1
mn-27-1-1-2,r11,27,1,1,2
mn-27-1-1-3,n708,27,1,1,3
mn-27-1-1-4,n709,27,1,1,4
mn-27-1-1-5,n710,27,1,1,5
mn-27-1-1-6,n711,27,1,1,6
mn-27-1-1-7,n712,27,1,1,7
mn-27-1-1-8,n713,27,1,1,8
mn-27-1-1-9,n714,27,1,1,9
mn-27-1-1-10,n715,27,1,1,10
mn-27-2-1-1,n716,27,2,1,1
mn-27-2-1-2,n717,27,2,1,2
mn-27-2-1-3,n718,27,2,1,3
mn-27-2-1-4,n719,27,2,1,4
mn-27-2-1-5,n720,27,2,1,5
mn-27-2-1-6,n721,27,2,1,6
mn-27-2-1-7,n722,27,2,1,7
mn-27-2-1-8,n723,27,2,1,8
mn-27-2-1-9,n724,27,2,1,9
mn-27-2-1-10,n725,27,2,1,10
mn-27-5-2-1,n726,27,5,2,1
mn-27-5-2-2,n727,27,5,2,2
mn-27-5-2-3,n728,27,5,2,3
mn-27-5-2-4,n729,27,5,2,4
mn-27-5-2-5,n730,27,5,2,5
mn-27-5-2-6,r12,27,5,2,6
mn-27-5-2-7,n731,27,5,2,7
mn-27-6-2-1,n732,27,6,2,1
mn-27-6-2-2,n733,27,6,2,2
mn-27-6-2-3,n734,27,6,2,3
mn-27-6-2-4,n735,27,6,2,4
mn-27-6-2-5,n736,27,6,2,5
mn-27-6-2-6,n737,27,6,2,6
mn-27-6-2-7,n738,27,6,2,7
mn-28-1-1-1,n739,28,1,1,1
mn-28-1-1-2,n740,28,1,1,2
mn-28-1-1-3,n741,28,1,1,3
mn-28-1-1-4,n742,28,1,1,4
mn-28-2-1-1,n743,28,2,1,1
mn-28-2-1-2,n744,28,2,1,2
mn-28-2-1-3,n745,28,2,1,3
mn-28-2-1-4,n746,28,2,1,4
mn-28-2-1-5,n747,28,2,1,5
mn-28-2-1-6,n748,28,2,1,6
mn-28-2-1-7,n749,28,2,1,7
mn-28-2-1-8,n750,28,2,1,8
mn-28-2-1-9,n751,28,2,1,9
mn-28-2-1-10,n752,28,2,1,10
mn-28-2-1-11,n753,28,2,1,11
mn-28-5-2-1,r13,28,5,2,1
mn-28-5-2-2,n754,28,5,2,2
mn-28-5-2-3,n755,28,5,2,3
mn-28-5-2-4,n756,28,5,2,4
mn-28-5-2-5,n757,28,5,2,5
mn-28-5-2-6,n758,28,5,2,6
mn-28-5-2-7,n759,28,5,2,7
mn-28-6-2-1,n760,28,6,2,1
mn-28-6-2-2,n761,28,6,2,2
mn-28-6-2-3,n762,28,6,2,3
mn-28-6-2-4,n763,28,6,2,4
mn-28-6-2-5,n764,28,6,2,5
mn-28-6-2-6,n765,28,6,2,6
mn-29-1-1-1,n766,29,1,1,1
mn-29-1-1-2,n767,29,1,1,2
mn-29-1-1-3,n768,29,1,1,3
mn-29-1-1-4,n769,29,1,1,4
mn-29-1-1-5,n770,29,1,1,5
mn-29-1-1-6,n771,29,1,1,6
mn-29-2-1-1,n772,29,2,1,1
mn-29-2-1-2,n773,29,2,1,2
mn-29-2-1-3,n774,29,2,1,3
mn-29-2-1-4,n775,29,2,1,4
mn-29-2-1-5,n776,29,2,1,5
mn-29-2-1-6,n777,29,2,1,6
mn-29-2-1-7,n778,29,2,1,7
mn-29-2-1-8,n779,29,2,1,8
mn-29-5-2-1,n780,29,5,2,1
mn-29-5-2-2,n781,29,5,2,2
mn-29-5-2-3,n782,29,5,2,3
mn-29-5-2-4,n783,29,5,2,4
mn-29-5-2-5,n784,29,5,2,5
mn-29-5-2-6,n785,29,5,2,6
mn-29-5-2-7,n786,29,5,2,7
mn-29-5-2-8,n787,29,5,2,8
mn-29-5-2-9,n788,29,5,2,9
mn-29-5-2-10,n789,29,5,2,10
mn-29-5-2-11,n790,29,5,2,11
mn-29-5-2-12,n791,29,5,2,12
mn-29-5-2-13,n792,29,5,2,13
mn-29-5-2-14,n793,29,5,2,14
mn-29-5-2-15,n794,29,5,2,15
mn-29-5-2-16,n795,29,5,2,16
mn-29-6-2-1,n796,29,6,2,1
mn-29-6-2-2,n797,29,6,2,2
mn-30-1-1-1,n798,30,1,1,1
mn-30-1-1-2,n799,30,1,1,2
mn-30-1-1-3,n800,30,1,1,3
mn-30-1-1-4,n801,30,1,1,4
mn-30-1-1-5,n802,30,1,1,5
mn-30-1-1-6,n803,30,1,1,6
mn-30-1-1-7,n804,30,1,1,7
mn-30-1-1-8,n805,30,1,1,8
mn-30-1-1-9,n806,30,1,1,9
mn-30-1-1-10,n807,30,1,1,10
mn-30-2-1-1,n808,30,2,1,1
mn-30-2-1-2,n809,30,2,1,2
mn-30-2-1-3,n810,30,2,1,3
mn-30-2-1-4,n811,30,2,1,4
mn-30-2-1-5,n812,30,2,1,5
mn-30-2-1-6,n813,30,2,1,6
mn-30-4-1-1,n814,30,4,1,1
mn-30-5-2-1,n815,30,5,2,1
mn-30-5-2-2,n816,30,5,2,2
mn-30-5-2-3,n817,30,5,2,3
mn-30-5-2-4,n818,30,5,2,4
mn-30-5-2-5,n819,30,5,2,5
mn-30-5-2-6,r14,30,5,2,6
mn-30-5-2-7,r15,30,5,2,7
mn-30-5-2-8,n820,30,5,2,8
mn-30-5-2-9,n821,30,5,2,9
mn-30-5-2-10,n822,30,5,2,10
mn-30-5-2-11,n823,30,5,2,11
mn-30-6-2-1,n824,30,6,2,1
mn-30-6-2-2,n825,30,6,2,2
mn-30-6-2-3,n826,30,6,2,3
mn-30-6-2-4,n827,30,6,2,4
mn-30-6-2-5,n828,30,6,2,5
mn-30-6-2-6,n829,30,6,2,6
mn-30-6-2-7,n830,30,6,2,7
mn-30-6-2-8,n831,30,6,2,8
mn-30-6-2-9,n832,30,6,2,9
mn-31-1-1-1,n833,31,1,1,1
mn-31-1-1-2,n834,31,1,1,2
mn-31-1-1-3,n835,31,1,1,3
mn-31-1-1-4,n836,31,1,1,4
mn-31-1-1-5,n837,31,1,1,5
mn-31-1-1-6,n838,31,1,1,6
mn-31-2-1-1,n839,31,2,1,1
mn-31-2-1-2,n840,31,2,1,2
mn-31-2-1-3,r16,31,2,1,3
mn-31-2-1-4,n841,31,2,1,4
mn-31-2-1-5,n842,31,2,1,5
mn-31-2-1-6,n843,31,2,1,6
mn-31-2-1-7,n844,31,2,1,7
mn-31-2-1-8,r17,31,2,1,8
mn-31-2-1-9,n845,31,2,1,9
mn-31-2-1-10,n846,31,2,1,10
mn-31-4-1-1,n847,31,4,1,1
mn-31-4-1-2,n848,31,4,1,2
mn-31-4-1-3,n849,31,4,1,3
mn-31-4-1-4,n850,31,4,1,4
mn-31-5-2-1,n851,31,5,2,1
mn-31-5-2-2,n852,31,5,2,2
mn-31-5-2-3,n853,31,5,2,3
mn-31-5-2-4,n854,31,5,2,4
mn-31-5-2-5,n855,31,5,2,5
mn-31-5-2-6,n856,31,5,2,6
mn-31-5-2-7,n857,31,5,2,7
mn-31-5-2-8,n858,31,5,2,8
mn-31-5-2-9,n859,31,5,2,9
mn-31-5-2-10,n860,31,5,2,10
mn-31-5-2-11,n861,31,5,2,11
mn-31-5-2-12,n862,31,5,2,12
mn-31-5-2-13,n863,31,5,2,13
mn-31-5-2-14,n864,31,5,2,14
mn-31-5-2-15,n865,31,5,2,15
mn-31-5-2-16,n866,31,5,2,16
mn-32-1-1-1,n867,32,1,1,1
mn-32-1-1-2,n868,32,1,1,2
mn-32-1-1-3,n869,32,1,1,3
mn-32-1-1-4,n870,32,1,1,4
mn-32-1-1-5,n871,32,1,1,5
mn-32-1-1-6,n872,32,1,1,6
mn-32-1-1-7,n873,32,1,1,7
mn-32-2-1-1,n874,32,2,1,1
mn-32-2-1-2,n875,32,2,1,2
mn-32-2-1-3,n876,32,2,1,3
mn-32-2-1-4,r18,32,2,1,4
mn-32-2-1-5,n877,32,2,1,5
mn-32-2-1-6,n878,32,2,1,6
mn-32-2-1-7,n879,32,2,1,7
mn-32-2-1-8,n880,32,2,1,8
mn-32-2-1-9,n881,32,2,1,9
mn-32-2-1-10,n882,32,2,1,10
mn-32-4-1-1,n883,32,4,1,1
mn-32-4-1-2,r19,32,4,1,2
mn-32-4-1-3,r20,32,4,1,3
mn-32-4-1-4,n884,32,4,1,4
mn-32-5-2-1,n885,32,5,2,1
mn-32-5-2-2,n886,32,5,2,2
mn-32-5-2-3,n887,32,5,2,3
mn-32-5-2-4,n888,32,5,2,4
mn-32-5-2-5,n889,32,5,2,5
mn-32-5-2-6,n890,32,5,2,6
mn-32-5-2-7,n891,32,5,2,7
mn-32-5-2-8,n892,32,5,2,8
mn-32-5-2-9,n893,32,5,2,9
mn-32-5-2-10,n894,32,5,2,10
mn-32-5-2-11,n895,32,5,2,11
mn-32-5-2-12,n896,32,5,2,12
mn-32-5-2-13,n897,32,5,2,13
mn-32-5-2-14,n898,32,5,2,14
mn-32-5-2-15,n899,32,5,2,15
mn-32-5-2-16,n900,32,5,2,16
mn-33-1-1-1,n901,33,1,1,1
mn-33-1-1-2,n902,33,1,1,2
mn-33-1-1-3,n903,33,1,1,3
mn-33-1-1-4,n904,33,1,1,4
mn-33-1-1-5,n905,33,1,1,5
mn-33-1-1-6,n906,33,1,1,6
mn-33-1-1-7,n907,33,1,1,7
mn-33-2-1-1,n908,33,2,1,1
mn-33-2-1-2,n909,33,2,1,2
mn-33-2-1-3,n910,33,2,1,3
mn-33-2-1-4,n911,33,2,1,4
mn-33-2-1-5,n912,33,2,1,5
mn-33-2-1-6,n913,33,2,1,6
mn-33-2-1-7,n914,33,2,1,7
mn-33-4-1-1,n915,33,4,1,1
mn-33-4-1-2,n916,33,4,1,2
mn-33-4-1-3,r21,33,4,1,3
mn-33-5-2-1,n917,33,5,2,1
mn-33-5-2-2,n918,33,5,2,2
mn-33-5-2-3,n919,33,5,2,3
mn-33-5-2-4,n920,33,5,2,4
mn-33-5-2-5,n921,33,5,2,5
mn-33-5-2-6,n922,33,5,2,6
mn-33-5-2-7,n923,33,5,2,7
mn-33-5-2-8,n924,33,5,2,8
mn-33-5-2-9,n925,33,5,2,9
mn-33-5-2-10,n926,33,5,2,10
mn-33-5-2-11,n927,33,5,2,11
mn-34-1-1-1,n928,34,1,1,1
mn-34-1-1-2,n929,34,1,1,2
mn-34-1-1-3,n930,34,1,1,3
mn-34-1-1-4,n931,34,1,1,4
mn-34-1-1-5,n932,34,1,1,5
mn-34-1-1-6,n933,34,1,1,6
mn-34-1-1-7,n934,34,1,1,7
mn-34-2-1-1,n935,34,2,1,1
mn-34-2-1-2,n936,34,2,1,2
mn-34-2-1-3,n937,34,2,1,3
mn-34-2-1-4,n938,34,2,1,4
mn-34-2-1-5,n939,34,2,1,5
mn-34-2-1-6,n940,34,2,1,6
mn-34-2-1-7,n941,34,2,1,7
mn-34-2-1-8,n942,34,2,1,8
mn-34-2-1-9,r22,34,2,1,9
mn-34-2-1-10,r23,34,2,1,10
mn-34-2-1-11,n943,34,2,1,11
mn-34-4-1-1,r24,34,4,1,1
mn-34-4-1-2,r25,34,4,1,2
mn-34-4-1-3,r26,34,4,1,3
mn-34-5-2-1,n944,34,5,2,1
mn-34-5-2-2,n945,34,5,2,2
mn-34-5-2-3,n946,34,5,2,3
mn-34-5-2-4,n947,34,5,2,4
mn-34-5-2-5,n948,34,5,2,5
mn-34-5-2-6,n949,34,5,2,6
mn-34-5-2-7,n950,34,5,2,7
mn-34-5-2-8,n951,34,5,2,8
mn-34-5-2-9,n952,34,5,2,9
mn-34-5-2-10,n953,34,5,2,10
mn-34-5-2-11,n954,34,5,2,11
mn-34-5-2-12,n955,34,5,2,12
mn-34-5-2-13,n956,34,5,2,13
mn-34-5-2-14,n957,34,5,2,14
mn-34-5-2-15,n958,34,5,2,15
mn-34-5-2-16,n959,34,5,2,16
mn-34-7-2-1,r27,34,7,2,1
mn-34-7-2-2,n960,34,7,2,2
mn-35-1-1-1,n961,35,1,1,1
mn-35-1-1-2,n962,35,1,1,2
mn-35-1-1-3,n963,35,1,1,3
mn-35-2-1-1,n964,35,2,1,1
mn-35-2-1-2,n965,35,2,1,2
mn-35-2-1-3,n966,35,2,1,3
mn-35-2-1-4,n967,35,2,1,4
mn-35-2-1-5,n968,35,2,1,5
mn-35-2-1-6,n969,35,2,1,6
mn-35-2-1-7,n970,35,2,1,7
mn-35-2-1-8,n971,35,2,1,8
mn-35-2-1-9,n972,35,2,1,9
mn-35-5-2-1,n973,35,5,2,1
mn-35-5-2-2,n974,35,5,2,2
mn-35-7-2-1,n975,35,7,2,1
mn-35-7-2-2,n976,35,7,2,2
mn-35-7-2-3,n977,35,7,2,3
