note_id,original_id,printed_bar
nb7f4757287a420f7,n1,1
n658e9dae0d5dd64f,n2,1
n560dca5308d18be9,n3,1
nab84ff73a7aa5887,n4,1
n7e8fa31c90aabcee,n5,1
nba939162274dc902,n6,1
n5742c05d08d3e338,n7,1
n1b9b5aefc74fd0e0,n8,1
n9c1eef0e53541457,n9,1
n8d7e6e95681240f8,n10,1
n305e2c5a98fe8c38,n11,1
nc7618f5a5ec2527d,n12,1
nbe4e3251f6aa2087,n13,1
nb68f32494d8364ce,n14,1
n5007f5a121821191,n15,1
n0814e5102cafe1e9,n16,1
nbfa36049a40a8235,n17,1
ne5e57ea45d7c14ca,n18,1
n5ae0105f0f229bf3,n19,1
n07a8401c67a080da,n20,1
n5243892700411aee,r1,1
n2d93465ee535e405,n21,1
nf86571248ea94daa,n22,1
nad78de304c5d9b7e,n23,1
n28ca5546dee442bc,n24,2
n5b49530b193fd190,n25,2
n6c2a0acb2cfea714,n26,2
nf6cfc37e58a774ea,n27,2
nbdbbf452e32101bb,n28,2
n2382136a40b9ed4a,n29,2
n423ab84810cd9b5d,n30,2
ne0f8fcd37de42567,n31,2
n7107862b77e37797,n32,2
nb8a90b900dcccff1,n33,2
ncea56798138558e5,n34,2
n859df18f7c46eaab,n35,2
n0e110b1c079fbf0a,n36,2
neeb13442b64488ee,n37,2
n1a1830eed8736a2b,n38,2
n3100a6c2d3e2c25e,n39,2
nd34e7b69d44dbd2a,n40,2
n27c04b84239fe65f,n41,2
ne1ce7806b6eb793c,n42,2
nd260bb5483a7fee5,n43,2
n24fac2c9a8890863,n44,2
nd2dc8ed934177892,n45,2
n103e6f49076b0eda,n46,2
n3c11ba575f9dcf09,n47,2
nd7ba0f14f6cc4b85,r2,2
nfc50ce424922f935,n48,2
n5d21e103951cfea7,n49,3
nf383c6f5c9f792b9,n50,3
n242bd5c75fa80f5e,n51,3
n197316d9ca7c3d22,n52,3
n00ae3244b4342461,n53,3
na4b51eb1a35860ad,n54,3
nf4ec4b119a810114,n55,3
n3977514d99d3e38e,n56,3
n27d8f43e22eb1365,n57,3
n565091c8bf7c0498,n58,3
na57f5c1004d201f7,n59,3
n5923abc56ee8ff00,n60,3
n5ff994ebd024dd60,n61,3
nd0c733ed2a192c5a,n62,3
n4309cd6a0fb7e9fb,n63,3
n18385ba1f4831536,n64,3
n4de91365cf8b83ea,n65,3
ne8e8a25cbc55affb,n66,3
nb2623d26297089c9,n67,3
n02a96d80aed075e4,n68,3
nb13be5e6f3254582,n69,3
n92a1877abaedd781,n70,3
n50aa8d2484c61f67,n71,3
n07f4bd2a13419205,n72,3
n29ef039c2d685290,n73,4
n7878c35b70c0d66f,n74,4
nbaef43f13b11c954,n75,4
n0a853f8b8bb02449,n76,4
n0fff4cfa3bd63873,n77,4
nada2c72a987cec44,n78,4
nc9166156c2c21369,n79,4
n52f603894c618772,n80,4
n70a04c8e675d2c1b,n81,4
n298596ce69665c69,n82,4
nf51590f53bbba815,n83,4
n6aa4ab977d490f0e,n84,4
nb6a52efaa72257a2,n85,4
n88442e98846091dc,n86,4
n0a616ed808969c71,n87,4
ncb685cf714029fe7,n88,4
n9d9cc26b300c47e7,n89,4
n4ccc41b7a39e21ab,n90,4
n06d40e9689a5e79e,n91,4
n411950f7608a526f,n92,4
n30c4f5c82cd8694f,n93,4
nd078c6f618390c29,n94,4
n8c73d7b31b048faa,n95,4
nc8a9a4f2c60ec763,n96,4
n8855bba1f87d16e6,n97,4
nda783d6998bd382e,n98,4
n3bacde8a2a370ce8,n99,4
nf5f4944c562e032c,n100,4
nf125b7771bf02b0c,r3,4
nb87f4a9c2c719e0d,n101,5
n17154eaa4e8d1754,n102,5
nf13c02c3a1390013,n103,5
n2e7266880edb2054,n104,5
nd8452557ed7bca0f,n105,5
n2395f923c740d2a1,n106,5
na79718485a5d26a7,n107,5
ndabad194d0e8dd5f,n108,5
nc5fbe95e1570557d,n109,5
n71c66cb27ce85586,n110,5
nb269b8224d486217,n111,5
n5019d099246ce032,n112,5
n1c090eadc68d00c1,n113,5
n1ba9c388bf29792a,n114,5
n9df0f250d3fe9723,n115,5
n51cc494d74e82c3b,n116,5
n295670fa5617d4ba,n117,5
n0acb166ee29ae1c7,n118,5
nff83fda7d80823a3,n119,5
ne212690b0d65867c,n120,5
ne291feb268162aee,r4,5
n3d2323c4b2d1fb98,n121,5
n946e64c7aec9ede4,n122,5
n65b6b304a7f21990,n123,5
n2edacebf5d466eea,n124,5
nd98fed1f7d378c9d,n125,5
n006b29d0186d1b70,n126,6
n961931a7754ba84b,n127,6
nbaddc196316bc9f8,n128,6
n9b2da7ba264d1001,n129,6
ndf5295bd111b65e2,n130,6
n513205edb3c62de9,n131,6
n2558d3352b0f6828,n132,6
n20d9e6edb21d91f2,n133,6
nc97d1ee90e716314,n134,6
n23ad65bfb6515253,n135,6
n9f6e13081cf0fa6e,n136,6
n643d78d468883832,n137,6
naf16390f728fc916,n138,6
n6c1f21fcd3a83574,n139,6
n5b39b5cbf35ce4af,n140,6
n23ee533d3ff3c040,n141,6
nd910cd2deec31454,n142,6
n1b683824bf93249f,n143,6
n8d0d8a3807fb686d,n144,6
n14ed14fa3de68211,n145,6
n063f8adf7c3055ed,n146,6
n4009f5c77c77b01e,n147,6
n95df8aeb66cc0975,n148,6
n469f44b5326c870c,n149,6
nd1f7bcc452dee28f,r5,6
nc28758e3d2d7df70,n150,6
n7d8801e827000a71,n151,7
n1999e6769e62c98b,n152,7
n08d79dee4ee6a3c6,n153,7
n3b6de18610c6a88c,n154,7
n4599adcc68631f64,n155,7
n6188c99360e329c7,n156,7
n160776091aac3d5d,n157,7
n5b72b4d44ea881dd,n158,7
nf0f754aaf3f438d8,n159,7
n5e18261b899f9d55,n160,7
na8d7eff09fc3dfa0,n161,7
n47d3bb6142eb917a,n162,7
n0d3767acbe42164e,n163,7
nc6011e0df0cf5292,n164,7
nc3f3cd9ba869f397,n165,7
nad85ef7de33c8fbd,n166,7
n701e49c8a2ff9bf3,n167,7
n5f43df3cdfb1f369,n168,7
n48b94c5fd9d64f87,n169,7
n69c4eeca6d577039,n170,7
n5083f1f388d32708,n171,7
n742f5ee8527ed80a,n172,7
n30e615ebd0bd5de1,n173,7
n7649a842f837b278,n174,7
n67fab4089750ba9f,n175,8
nd4bb4d49ad41d9f2,n176,8
n54221e2fec843e7b,n177,8
nf61c891f2f3efcf9,n178,8
n6737d6a952d6ee0b,n179,8
n9dacc3ef264fa561,n180,8
n0af273141a08d1f4,n181,8
n966ae623bbafebf8,n182,8
nef2df20c808b7e32,n183,8
n793174eb00111981,n184,8
n086c837bf6ebaf78,n185,8
n3ecdd4c7cb2334bf,n186,8
nc2fa771c1f0296d5,n187,8
n42016e1e55d3d472,n188,8
n499b2648a40a834e,n189,8
nb9c355d1fe06d28e,n190,8
nee45975fe27a2d39,n191,8
n22529ad3338f7195,n192,8
nce8c520ee58d4777,n193,8
necae0bacbad75055,n194,8
n3d7840c9c63cc413,n195,8
n3f0b15ecd046bd9a,n196,8
n2c1260c516f29a1a,n197,8
n469a29e966ec5f51,n198,8
n5ecac1f1e2175ed2,n199,8
n1414a1f79a1ee312,n200,8
nca3b950a353c9ce4,n201,8
n49a15ea7e6973eea,n202,8
ne028bb7e76ded26c,r6,8
n4795f7216106f574,r7,9
n6b506dc033ef185e,n203,9
n8466ce8f3cac6930,n204,9
n893ca967398c7141,n205,9
n3bf3c47521114379,n206,9
n15617c5cec6c5c7f,n207,9
nb569080fee785f8f,n208,9
na096a04eecbb55a0,n209,9
n196c2202ac2d2c35,n210,9
ne703431e367b73a9,n211,9
n25693f1a3d624643,n212,9
n748547be097710e5,n213,9
n114abae8a45a6844,n214,9
na1d290c8b246d132,r8,9
n46738d1b0c7232fe,n215,9
nbbfc09a56a8ca246,n216,9
n08d24d4c98f0548d,n217,9
ncc26aa43d8a9e4a4,n218,9
n2d3e112b4a9fab12,n219,9
nc1182799298f863d,n220,9
n2937f2c26d3f0aa0,n221,9
n437ce029aaca4f24,n222,9
n6fba991a9337b92f,n223,9
nb889cd64e37ab40b,n224,9
n598291382b1a34a4,n225,9
nc45f4e4eee6d21d3,n226,9
n6333200c130f5b12,n227,10
n5ed762c83cb98aed,n228,10
n5793849a623878f8,n229,10
n42bd4a5621e2ad98,n230,10
n8d1b560aa88d88fb,n231,10
n87c81f448127fa67,n232,10
ne55593d3bc28164f,n233,10
nb9079d56d900e6e7,n234,10
nf6a8ea15d01824f3,n235,10
n99ee9c7cde4c4b15,n236,10
n62559ee6428495c6,n237,10
n3dd9563b4deda845,n238,10
n55bb05bbe103b745,n239,10
nda570709d466b50f,n240,10
na9b414bc4a5d43f1,n241,10
n5238d62a6e61b55e,n242,10
n56969e6c9abf9932,n243,10
nbb2c1a435bee790d,n244,10
ncfbcf7dedfc909af,n245,10
n8a75517bbac66ddc,n246,10
n880fa7cf405144f2,n247,10
n7d6df77273f7ed72,n248,10
n1d73537786e771c3,r9,10
n6aee3645d31bd63c,r10,10
n6ab4022fcb5ee977,n249,10
n11a782369a08d8f5,n250,10
n981151851afc4e86,n251,10
nbab2ec7f2097b9bd,n252,10
n951b01a03961b03a,n253,10
nf0d76880f717ab7a,n254,10
n68ab2965d6696a4a,n255,10
n769bec3b63c3501e,n256,10
nefa98785b10cf542,n257,10
nc8f39967a8ebfef9,n258,10
n6cb535338b5953d5,n259,10
n2f94e96e3d47c97e,n260,10
n59248fd6fa1b4dbe,n261,10
n7260d1311ddfbb6f,n262,10
nc8eb98dd333224c6,n263,10
n7bbcd076cbc7b0b6,n264,11
n203ee7251268de2c,n265,11
nac0a33736324c668,n266,11
n1997b8076f14c6e8,n267,11
n862719b14fa4ff00,n268,11
nf79b14da43b32583,n269,11
nca1b35dfc914444e,n270,11
nea61e2c933cab615,n271,11
n990b0d5e4184f4be,n272,11
n1ef49513fb50e227,n273,11
n9aecb5b25a7848d6,n274,11
n534f098b84abe4ce,n275,11
n298ae62fd7351bed,n276,11
nec3f1bbe0942436d,n277,11
n8794ed530f393d4b,n278,11
n22f5bc3fd8e7b9ea,n279,11
n1f8b628f91c8aac4,n280,11
n24cbf442ab7e40be,n281,11
n12244d7054b9d6c4,n282,12
n4bfbbdd8469871f7,n283,12
n8b030f39d24088c8,n284,12
n818c19caec8ac750,n285,12
n88909d5060ca5f56,n286,12
n48eb83c942157f4b,n287,12
n8cec2d0a4c5dd50d,n288,12
n233fada2a617e4c3,n289,12
na4f3fb3d2a06de79,n290,12
nd5ae2e07e41bb4cb,n291,12
n05e1f6171e92165e,n292,12
nd13321506da4b55c,n293,12
nff67b893b34c3e7a,n294,12
nfb5daec11c3780f6,n295,12
n4362d870293b4a78,n296,12
n07b7ff27437a563d,n297,12
n3a86d85003ec223a,n298,13
n904cb75d02caf570,n299,13
n4fcc49342374beff,n300,13
n835f5f89c707fac3,n301,13
nc768a51c8d0ecdd8,n302,13
nb7525f7fefd9339e,n303,13
ndad85cd1b9bb1fc1,n304,13
n3c4d77199c0319c1,n305,13
n660d82d197fcdb99,n306,13
n9a541fecbad6ec53,n307,13
na1678ccda5066213,n308,13
na0087cd9ee6c2208,n309,13
n6f8f04ee90886743,n310,13
n2dbed2ab436a5474,n311,13
n226d13bd37f19a91,n312,13
nfc5841fc6c1bf067,n313,13
n59898629e07f3e4b,n314,13
nc03ff8f71b495aeb,n315,14
n0aaea4a406497f27,n316,14
n0bcdc3f5805b42b9,n317,14
n86b5f9c8cd734c9b,n318,14
n8aba8cc4b3ad4ddc,n319,14
n7cc627920bbd7314,n320,14
n0f1be06b41333fb7,n321,14
n35be55ed5d2442fa,n322,14
n7f27018e83e1515f,n323,14
nb7466f12efcf800f,n324,14
n56633142676ba484,n325,14
n9992599063580f4a,n326,14
nd5fb52fa52f53242,n327,14
n012135ce36041921,n328,14
nd5b25bd4a445e2eb,n329,14
n02c9c17cea14e374,n330,14
n80c5a32de4a24edd,n331,14
n5304789c49cdbf2d,n332,14
n43604cffda2d416c,n333,14
n2e7dd0bdd73c62a7,n334,14
n70e5bc16946ee1ac,n335,14
ne7d2a5b102631307,n336,14
n9bf2f91c7069b075,n337,14
nec0b9b532ddd24ce,n338,14
n8e611a06d98660a6,n339,15
n4f94d4022b265c42,n340,15
nf1c2606e62e02f00,n341,15
n2658187f129bc8c7,n342,15
n0966a9705b24b623,n343,15
n35a5e35d7eafcd22,n344,15
naa68bc12f96a2569,n345,15
ne1ff20e5b8f2f4c9,n346,15
n52161451e5064409,n347,15
n70e1285f46c32ddb,n348,15
n17c354ea5d56cfb3,n349,15
n9c0d1501990e649b,n350,15
nacffbf65c4503c10,n351,15
naf689d504e90b7c4,n352,15
n0658470b7415aae7,n353,15
n197b725d36d05071,n354,15
nc687a81ed64bff0e,n355,15
n00335a52713024c0,n356,16
n35ee70d62fbb75f6,n357,16
nf8b27824030d5c17,n358,16
n0b6047c59fba633c,n359,16
ndffd148cee26e73e,n360,16
nb8a2ba8c6e3c642b,n361,16
n68e0895a19d78226,n362,16
n39ec20f7626b3bbb,n363,16
nb51c2d937a442f88,n364,16
n87e07d0b07367028,n365,16
n2152362707042ff9,n366,16
nc2f0d8154692fd62,n367,16
n6ac51df244e4662d,n368,16
n2cb43643fbf24c1c,n369,16
n842acbffcea75633,n370,16
nbb2656b3bd246e65,n371,16
nbeed982f501ee74f,n372,16
n4df10be137f0e34e,n373,16
n868aa168a33e6beb,n374,16
n221499bbd9ac3920,n375,16
nae45ea904881f0d7,n376,16
n30accced6d2f88cf,n377,16
n674066d5cd46a8c6,n378,16
n968e0fb5c7000724,n379,16
n09161fdcd062192d,n380,16
nce190a65f2408962,n381,16
nbb89d27af1e3a0c2,n382,16
n3d85ac645d742a1a,n383,16
n18a17efc6d3d0edb,n384,16
nd7ed2def568c7539,n385,16
n201d7a15601e5f9f,n386,16
n69ef411130692e79,n387,16
nd0d3bd7059700fe0,n388,16
nc28d1d5651ae0a2c,n389,16
na8b1367351184b86,n390,16
n295718e271d975eb,n391,16
n3ce6d2f2c1fbba47,n392,16
n4ce8a5f613453c83,n393,16
nf63f2c995753a382,n394,16
ne896a45819e1f414,n395,16
nff68a6ea532c810c,n396,17
nb37db974d0c7ea1d,n397,17
n7de19cf9304a7038,n398,17
n7851c4560a1574a6,n399,17
na7fb3f85c7d6d44b,n400,17
na4daa717ace34460,n401,17
n3473d5c620c92048,n402,17
nbf04f2e23f1d2f99,n403,17
n87e105448d4fe62d,n404,17
ne036998b7fc5e508,n405,17
n4d199cc42111ea5a,n406,17
n246644465e81a4f9,n407,17
n1c16d621d3a3c2dd,n408,17
n9f4a7e3620c0483e,n409,17
n0ebabb03d6f5125d,n410,17
n5755d203697f6988,n411,17
n67244c6dbfca633d,n412,17
n4789baa0389e81fc,n413,17
n9d93d53f3200aa88,n414,17
n108c3012c5ee6f59,n415,17
nc60626d51339c4b5,n416,17
neb61be69dad19862,n417,17
n21510308a55bb0be,n418,17
nb987d032c914ac51,n419,17
naa02ac8a29d81d14,n420,17
n540f8363853b3aad,n421,17
na91526f497e229ef,n422,17
n4d6b587be6dca3f2,n423,17
n19aac1ec64b5d1fd,n424,17
n33c8dfe430b31d30,n425,17
n8d6859fcc1f7b60d,n426,17
n975d812d3c5b150b,n427,17
ne828a173974e4a53,n428,17
n168ed92d1234dcf3,n429,17
n35bd001995db44b6,n430,17
nd2e5806416cfb649,n431,17
n8b4884d1b0ffceda,n432,17
nafeda605db12ac96,n433,17
n9e309452e7b6ba77,n434,17
n90941af4f6b76266,n435,18
n50afce2045fb8316,n436,18
n906860f7fdc20bf5,n437,18
nbdce750c981f4fa8,n438,18
n53bfec39fcf88249,n439,18
n12e331c00566c833,n440,18
nad66d46f9274b2a2,n441,18
ncb901b297c765398,n442,18
n6574a9f870f17191,n443,18
neef7d316ed33ea2a,n444,18
nb16cd5384a2efeba,n445,18
naa3a442f71aa728b,n446,18
n265d16b63b4a7612,n447,18
nd8d41cb268e76b93,n448,18
n6ff0066eb126e23d,n449,18
n18c37dfdb865f7ff,n450,18
n2522a9653435cf8f,n451,18
ne7d20f8b4f82ecb5,n452,18
n2df3515bf468c1d8,n453,18
n172f3c58eb6edda3,n454,19
n3aba04fc1af08d24,n455,19
nb8aeabf1ababb29e,n456,19
nb3f4fe444fa941ef,n457,19
n813e206d541dfc52,n458,19
n4237dbbab42b91d3,n459,19
n6816f672d952d68d,n460,19
n038d8b5a4f7f0529,n461,19
n70d95d975c00ee82,n462,19
n46807b86db7a0b3c,n463,19
nb694c3fd0cd22eaf,n464,19
n461ef60da58ecdab,n465,19
n9c566a7e90761ee5,n466,19
n1d099f1e54594da9,n467,19
n5c2a1e550ec2314c,n468,19
nfab597be9ab64db6,n469,19
nceb3974e281325ef,n470,19
ne3ccc573f1c45af3,n471,19
nf8101a17e1a7eb89,n472,19
n461db37caaa49675,n473,19
n923fddb380a77299,n474,19
n3137ec0e41737c18,n475,19
n9e59fbc6f065ef45,n476,19
nfc00b89aa019a949,n477,19
neb5d39a75caec2ad,n478,19
n7d01a3a412a246f0,n479,20
n2904117ea29c3aab,n480,20
nc95564f756ea2e7b,n481,20
nc5176729f47bd40b,n482,20
nd9124cd2b491d03e,n483,20
ndef6e71848d5e531,n484,20
n817e7db3ffd4b2ea,n485,20
n83ac779b3581f2b3,n486,20
nd5257b46d91c0d81,n487,20
n6b73e849482c0b63,n488,20
nfad352b7876e4ece,n489,20
n0a8fd2d3723bb4c2,n490,20
n35d320dac990ce20,n491,20
n7395c57326a46104,n492,20
n96359def4e287847,n493,20
n1a43657732e84074,n494,20
n276755bbd1519841,n495,20
nc56ecc54db236bfc,n496,20
n5fcf21daba1297eb,n497,20
nab8ac6cd4ac4ec75,n498,20
n9b95954f36fffe36,n499,20
n8e18e08dddd3ad2b,n500,20
n485ce630873bc142,n501,20
nc8534b3a8d0e343d,n502,20
n7342ccce978a8c95,n503,20
n2be600fa8da8864f,n504,20
n354203cc36bfdda4,n505,20
n44a5a629c6a47fd7,n506,20
n0c9c76b50ea382bd,n507,20
n307fc9139f4c22b7,n508,21
nbf812be9de74785a,n509,21
n1af77282c5d9ba12,n510,21
n71ab2956900df000,n511,21
nef029b7db771c020,n512,21
na8fb0841bfa5a760,n513,21
na30d121c6036cec9,n514,21
nf73eb8cf03a4d212,n515,21
n85b96ba572b1ff8a,n516,21
n8db9420afa748a12,n517,21
n5dd0348d3a37e8f2,n518,21
n9e908c13ff088c42,n519,21
n662084815d6b6e9b,n520,21
n5ce48c56d6827857,n521,21
n3222b5db7f186125,n522,21
n603c467cc76882e5,n523,21
n7b82be87d5652e62,n524,21
n476e09c95b10126e,n525,21
ne249c96f90fa2605,n526,21
n1aadb99b2a1e1268,n527,21
n413ac112732eaa74,n528,21
n18ed040d159fc287,n529,21
n32658fcf7087c9fe,n530,21
nbba26a65726c618d,n531,21
nc123676221d3e049,n532,21
nfc84b27ece8cadeb,n533,21
n9a31a09dce1f4706,n534,21
ne89083c7cb80c256,n535,21
nfe40ee5c596fac9c,n536,21
n98bb064fef4d1a58,n537,22
nc33690a4585c6911,n538,22
n923cd79991a3ec5c,n539,22
nafb90aa8a8bef13e,n540,22
nb2f97de579bec3af,n541,22
n3740e3aaa2407e7e,n542,22
nacafaf106607fb24,n543,22
nd82eda6917e3764b,n544,22
n55fbf0bc15676a72,n545,22
n03fe2989389e275e,n546,22
n444657bfc41e515e,n547,22
n3fa6b442433a0fbf,n548,22
na383bcb6f837eae3,n549,22
n92029a69714cf7c1,n550,22
n31f1494d2710a242,n551,22
nd5ad12b0ca58ebdb,n552,22
n0234f9800205b490,n553,22
n8f870f17069edaf6,n554,22
n83345996af29f323,n555,22
ndf882e7f3cb1873f,n556,22
nb8287845a3810b72,n557,22
n8d1addd98117e334,n558,22
nf64e0e5147dba88b,n559,22
nba9bf3b7bc300b9b,n560,22
nabbb6321d0e21b25,n561,22
n3f5e654fe1ddd583,n562,22
ne9d0cd4334292424,n563,22
nf1472f50833cdffd,n564,22
n3d23b03692c64fdf,n565,22
n1ed714bd97d96d2b,n566,23
n0f04e8e8fb4b7000,n567,23
n2c7f7ae99cffbdd7,n568,23
n272b5c09d514edef,n569,23
n68760b2552bade72,n570,23
n5b960f65dd38a7ba,n571,23
ncbf48c7d52c2aadd,n572,23
n49d03e899d73fc44,n573,23
n6527c3e8523d58b0,n574,23
n3785f85acdadde48,n575,23
nbbb7f17ddb14e5ce,n576,23
n2745b51f35d849e0,n577,23
n15409908ea30e184,n578,23
nad684aa32c90111c,n579,23
n8a01a16491f62105,n580,23
n14abea5107d62b82,n581,23
n7c6a398201469613,n582,23
nc44aff5270e6dc45,n583,23
nb0e6c0682f2ef6fa,n584,23
n30fa33c766cefe47,n585,23
n5dca69e7ecb6ca8d,n586,23
nd28cef44787303d5,n587,23
n55add9b78fe476d5,n588,23
n7ebd786a39987683,n589,23
n294a863919665073,n590,23
n6224d6e88fd59d1c,n591,23
neaa09bda9b4c3add,n592,23
ndcbe7ece1b077d85,n593,23
na973dba1f6efdba6,n594,24
nb4734da423f60b4c,n595,24
nf6cc53ea121fe240,n596,24
n8ddf5f07c093053f,n597,24
n0415adf668e1b185,n598,24
na3a7c2b9cb4cb9c6,n599,24
n652632f7cfff14f1,n600,24
n566a5c1d29478ee8,n601,24
n5ac63c4080022db9,n602,24
n66ea0fd709033131,n603,24
n3a8c8f78f5541d6a,n604,24
n6e9c87992c49d0d5,n605,24
n7b293fcba7fca91b,n606,24
n6052a92dba51ed54,n607,24
n9c83fb6f8240d030,n608,24
nf5894b386641e149,n609,24
n428d3b5cd75b9f80,n610,24
n77f5c7c34b0ad0cf,n611,24
nac909bbf99c436b1,n612,24
na4d01224b3de1e3e,n613,24
n976105801b61c519,n614,24
nb435d8929044135b,n615,24
n8b9d39abde62ea8a,n616,24
n6bae3e2c7e40c9c8,n617,24
na3f9d4d740f6d8ac,n618,24
n6b796e64b62cae72,n619,24
n6ed36f2eff5827a3,n620,24
n1660f3809cd3ac4b,n621,24
nca3609162a8eed5f,n622,24
n40529ec083470676,n623,24
ne8492ade61fecb97,n624,24
n636e5bf98375bb3d,n625,24
ne04dac8498dc7c3b,n626,24
nd756ff599bcba05b,n627,24
nf515bc8e97e2a2d0,n628,24
n730efe95c3dd011f,n629,24
nb532ef1ba11bda64,n630,24
nd6915fe022f36042,n631,24
nb18e600614eaab40,n632,24
n304113809ff498a1,n633,24
n9c83545f95c841eb,n634,24
n63953ba4b5c1a784,n635,24
n76a87d3def5a0619,n636,24
n8c1d0219eb085b27,n637,24
nd8b1b0a6337913bd,n638,24
n3ca1f8d36a486b8f,n639,24
ndae90e78f9de104c,n640,25
n246dd4ce4bb0b7fa,n641,25
n5bab0b10ca11773e,n642,25
na3204c2b9366490f,n643,25
nf0ddb59c5da80b9c,n644,25
naf5dcdac3329406f,n645,25
n6cf756b7efdd7d1c,n646,25
n950a963f311a272d,n647,25
n6b408839d5295468,n648,25
n40ce54c78d5ec3de,n649,25
n8cf60d36ab940122,n650,25
nd80bb52725abf157,n651,25
ne51048e20512dd76,n652,25
n38c92530c1c93814,n653,25
n2c24e3fb3492bcd6,n654,25
n0924eb8981603d46,n655,25
ncdc7eb425303820e,n656,25
nd72cd0c0f55ac1a4,n657,25
n6eccefbda4723415,n658,25
nfd54a8688a880829,n659,25
ne92d887cda69c8aa,n660,25
n9802b236c3419173,n661,25
n2cf3b2537702860c,n662,25
n0f2bb71e17c3babc,n663,25
nf698b29161dfce26,n664,25
ndb470d6844ea3a6c,n665,25
nb6bec95b7b6f3d81,r11,25
n7cbe3e4f7fe66c2a,n666,25
n8258bca77f2a3b7a,n667,25
ndfe46531fbf80627,n668,25
n95ada6859c16de35,n669,25
n07a31219548c1f4c,n670,26
n12076aa2a6024545,n671,26
nbb5a37114352ca85,n672,26
n4afda454362984a0,n673,26
nd73de4e7ed498d89,n674,26
ndc85865e92afb13a,n675,26
n631e012fe8bbaef3,n676,26
ndd4769870139b5a8,n677,26
n769d89f1d97d4f1b,n678,26
n4c5a7d0a08adf767,n679,26
n503bd058ddbb52cd,n680,26
n181f539e83321e64,n681,26
n665f2eaee389563b,n682,26
nb7105014afcf22eb,n683,26
n0582b33bdc4779c6,n684,26
nd3cd8fba0b31561b,n685,26
n7182df84dea8aacf,n686,26
n1ec60a9c4c53db89,n687,26
nf8191877e6fb74b5,n688,26
n8c382b4b24ce8753,n689,26
n70355f6993fc9119,n690,26
n55e30105995288d6,n691,26
n34122dccc4e9d2d7,n692,26
ncc4906d53dedb2de,n693,26
n5079af2afb5ca757,n694,26
ndb132488201d33e8,n695,26
n89c394f392427801,n696,26
n27bc3dfe9a085aa9,n697,26
nd4fe31b6534de610,n698,26
n828af259e9ba3bb3,n699,26
n0350bbace43aa5b9,n700,27
ne78129f371d9db95,n701,27
nf258ddb0f3f34c00,n702,27
nf1fb5d9e5736c160,n703,27
n07b44cbcfe42212f,n704,27
n7f9740b7bf21f4c3,n705,27
ndacc696ab96e415c,n706,27
nd32779827ad6262f,n707,27
n76f753f27dbf1168,n708,27
n70c6aac3dd2bd2e6,n709,27
neebadad5ebc1840a,n710,27
naba712dca21cc06b,n711,27
nd9da0dbcf654ddf6,n712,27
n2e8ffebdc8d39bb7,n713,27
nf8ff757f9d7ef3a0,n714,27
nb5664870afa94560,n715,27
n844de61fa94a9639,n716,27
nd9b6173c2f2f3721,n717,27
n246712dabd0bab69,n718,27
n7ce1ab932c255f4e,n719,27
n0bc23471d1b82cc6,n720,27
naca524f11200746f,n721,27
ncadfb1a8f24d35c1,n722,27
n838e0a9446adcef1,n723,27
n28be4d21f0494648,n724,27
n223a6a4ed7bbc0c4,n725,27
n3071f9a356f2123c,n726,27
nc33560c1a8edf725,n727,27
ncf4d8ee957ad514b,n728,27
n67c8f989e9d8cbd9,n729,28
ncb2d7ae80268cc68,n730,28
n6c44297d86233c69,n732,28
n1d07c9c676ef0f34,n733,28
n773d8e2c194e14d7,n735,28
n5a45b3ad3b2f7586,n736,28
n13d422d48a8bffd9,n738,28
n36e23b334c948c20,n739,28
n635eb8eaeca577cd,n741,28
nac2b672bb361f08b,n742,28
n5d3b943209a69d34,n744,28
n5c1d44c132f7978c,n745,28
n89940db45b9ea61c,n747,28
n75f0884941037cc2,n748,28
n6a7f70c7d6eebfbb,n749,28
n465d3fc5fde194eb,n750,28
nc6eb4f17b694ff6d,n752,28
nec7465eb39689f9b,n753,28
nd900182b0af367bb,n755,28
n46afe628bf617366,n756,28
ne28434f284272879,n758,28
n05e17996ccb2c3a3,n759,28
n290ab83d9f116b9a,n761,28
n94588fe1a690d0ee,n762,28
n0eaba2ce6d43a0c3,n764,28
ne2592a49231b46e4,n765,28
nb97c66ef72128b9b,n767,28
n67709ea8f2eba939,n768,28
n0cf879b74e50cb7e,n769,28
n427eb4b1a4da0e09,n770,28
n0eb1fe412ed49a35,n771,28
nc7435ce4cae36e5c,n772,29
n62ce67f161280530,n773,29
n550d6db3ede7067d,n774,29
nf5a10ffbe412f644,n775,29
nd2532e3df4c997a8,n776,29
n260833a771b2aed5,n777,29
n5eecb55d94a703e4,n778,29
n0664d67aef6fe17d,n779,29
n61cdab797120198c,n780,29
n206dc6d628ab1796,n781,29
n215eaf03f6baef53,n782,29
nf28ddf71cdc2c84d,n783,29
n07ebf7eeb1bc41c2,n784,29
n693752e4571beddd,n785,29
n085716961ac43fae,n786,29
nf929dda103768ae7,n787,29
nb92a5a1050071feb,n788,29
nb9eba6cb77cadb65,n789,29
n3579d1199726c191,n790,29
n437484a0e55f7db0,n791,29
nfd4fba6b8f0d3cf0,n792,29
n45f4cc9158d00ec4,n793,29
n7f20f885c5a728e6,n794,29
n02aff22a5575c301,n795,29
nf71d3aba31243495,n796,29
n1ffd9d71a81cd68c,n797,29
nd9833499d57bebcb,n798,29
n3b901ab15a53dcfa,n799,29
nb982a846b6ee7cd8,n800,29
n5ce1c7a280e8ce3a,n801,30
n1ba981b0085dcc87,n802,30
n785b5b23dc340126,n803,30
n42ddd296bf49e6d3,n804,30
ncc4c6f2118f55d0d,n805,30
nd5bf7db74dd83069,n806,30
nd5e453525063541e,n807,30
n81b843fd1de51cd7,n808,30
nd92da3afbdc7d116,n809,30
ncea475c8df06f6d8,n810,30
n42ceb320f26d07b9,mn-1-30-1-1-11,30
n5d3a5929d492b26e,n813,30
neb0212eb13422dd0,n814,30
naf20e93d7a36f7b1,n815,30
nff8fbd847b900877,n816,30
n2b2892adac499d7a,n817,30
n76d55b89e8896cd4,n818,30
n72f5ab30b45ca2c0,n819,30
n2c5e61b1b63f34b1,n820,30
n46fd2a23557736d6,n821,30
n32a7b8d7ca890123,n822,30
ne387d2f542e0e2dd,n823,30
nd144d5bbcc3f29c1,n824,30
n57eec649bb4ec462,n825,30
n15c47738b226611b,n826,30
n3d6b3587cd4cf280,n827,30
nd715e20e97b3171e,n828,30
n4daac0a6ca96a321,n829,30
nc37019f70fc8d2a6,n830,30
n92f8c2e7aec440b5,n831,30
nfb56cf040f2194ae,n832,30
n6550e13e0beaec85,n833,30
nbc452272d87df939,n834,30
n3372fa04c8ebd4e2,n835,30
neda485a6cbfac68a,n836,31
nc4fce0cd289c154d,n837,31
n508c7714bbe21d68,n838,31
nfaf467b00ff35bd0,n839,31
n65f69c5c4d9d8dee,n840,31
ne1944c5f40d096b4,n841,31
n1cd46589a48d4ea1,n842,31
nb7bcd1d991896e7b,n843,31
nac80a437eeedcc4a,n844,31
n6e4fe2de82ff103d,n845,31
n3037a3c3f9b2163a,n846,31
n4cd6a74c9e98ecf4,n847,31
n6361506c3abecfd0,n848,31
n457fb4824ebdb08c,n849,31
nfaec3239b63fd2ce,n850,31
nbc2b0a325f465b31,n851,31
n6445b4f9aba3e53f,n852,31
n53d06e35ab832fe8,n853,31
ndfa7b73cb54a9d7e,n854,31
n513b00fafaa509cf,n855,31
nee802d981862aed5,n856,31
nbb17440e5d88930b,n857,31
n91a978cbd0cc2ef3,n858,31
n842707f6785c3866,n859,31
n252967a570683dec,n860,31
n3343a43e2c34b638,n861,31
nc82c778bcaebf48a,n862,31
na5e113bf2eecc0ef,n863,31
n01405955fe643d2c,n864,31
nc32e1833482ce267,n865,31
nc61357475e972492,n866,31
n2e7eccd961402ac6,n867,31
nbaf6362c21304515,n868,31
n49cc153b15c549ad,n869,31
ne851973120d45a4d,n870,31
nc4dac15e35471721,n871,31
nb57825ad85a777c4,n872,31
n901398828cbcb53a,n873,31
nb8dbd059bcf1fd93,n874,31
n99327f127e2c7b2c,n875,31
n71363d44bbb2ccca,n876,31
n052a0100bb857cf5,n877,31
n6fdf2e5e925deb36,n878,31
n4327a23f8fa349e8,n879,31
n69277aa95e144be5,n880,31
n579aadb4c4fad0c9,n881,31
n8cabc977aee858de,n882,31
n6e56fc9cca4a8ecc,n883,31
n243ee0c460310b74,n884,31
n9e33651def8bb39d,n885,31
n760bc5a84bc64dd7,n886,32
n0e29ea72644c355d,n887,32
n35342ff395ffa9fd,n888,32
nb956b0f314f6e51e,n889,32
n848131470b76ce62,n890,32
ndc912d083cb322ba,n891,32
n72efe5649fbe9950,n892,32
n0be768d12070a2ac,n893,32
nb00473e586ac1f3d,n894,32
n04dfe1d0f2f92f1f,n895,32
naabdb39ee97da558,n896,32
nb9c7878584db406a,n897,32
n5f9d720e9ad6baa4,n898,32
nebd77a0e2a1c9a13,n899,32
nc64a6ef35e411f95,n900,32
n0ffb73a702661415,n901,32
n1e134d385ef1994e,n902,32
n7595cd7796236c08,n903,32
nc333f6ccfdb97c80,n904,32
nfdb2354daa9b4450,n905,32
n024b9a822a514412,n906,32
n4ac1cb3e3d962cfc,n907,32
na875e0579194c3e1,n908,32
n273af3fcd4fa8d9c,n909,32
ne6d3dfb45155b47e,n910,32
ne4975425d838d2a2,n911,32
n7ddce3e7cbee54ef,n912,32
n18b4550086d16deb,n913,32
n2245ebef6f872805,n914,32
n75d5f24bfb652d26,n915,32
nac8c5a5a9485b0a0,n916,32
n7793b385106b04d1,n917,32
na3d5795d7a106fa6,n918,32
nc1690d49cd9611b4,n919,32
n7604b2b34b5568de,n920,32
n7646b7b9a2a1d2f9,n921,32
n23742fdb274ebfb7,n922,32
ne2e5b8975ccb8430,n923,32
n633ca911e238298c,n924,32
n1e71291d2c858c69,n925,32
nc367095ff5d2daa0,n926,32
n1f600e3043f5d77e,n927,32
n7333bd30f49be86d,n928,32
n3e9b6acc6124f9a6,n929,33
nd05080d99e8fc5db,n930,33
nf65669563d523da7,n931,33
nf1fea6e41e366559,n932,33
ndd6466342958cc0c,n933,33
n59acee9d09bc7235,n934,33
n3d20d303ad77c7d2,n935,33
n1c7812353455e148,n936,33
n034286690ece9eaf,n937,33
n7032e7e5c854c75f,n938,33
n82d5ce09fb3f26bb,n939,33
n630710a70f979226,n940,33
n75d54bab240e2210,n941,33
nbadb82218fe44fcc,n942,33
n30d2da67e3ee15c5,n943,33
n0bee75ec0c48eb78,n944,33
n00e55fa6a64cd505,n945,33
n6128a8fcee0917a5,n946,33
n2acfa857542d4d8f,n947,33
n920aad8b2ae608ac,n948,33
n76cadc1d6c4a83d8,n949,33
n5daa08999c320f6a,n950,33
n9e9cf5cb3d93a9ea,n951,33
nadcac3c687605e1e,n952,34
naad2d11f9ade6bdb,n953,34
n0b2640f1eaa3fd01,n954,34
nbc6a66d25f68d951,n955,34
n913008e79c7bdfe9,n956,34
n359399e7eaa1f2f7,n957,34
n4f954e528480d01e,n958,34
n0e5b29de58594bc4,n959,34
na4ecd2dcc122dd80,n960,34
n5374bc9823862a64,n961,34
n9d465dcb91c25fe8,n962,34
n842de573580d21f7,n963,34
nc5b279d7376057c5,n964,34
n0857c2a3a24cf70b,n965,34
n6a6730c3fb4f5828,n966,34
ncd2ce33b53c516e3,n967,34
n915c2ca9544baee5,n968,34
n8a0d685b7b7f4e7a,n969,34
nef8d8ef5f52f14c8,n970,34
nad6a0b72c9c37fc4,n971,34
n2255b813dc92737a,n972,34
nc10c2498c403c3f1,n973,34
n2a37d7f7a78ced87,n974,35
n82dc15e5e31f14ba,n975,35
n1db56e8685c4e754,n976,35
n08a72d1c971556a8,n977,35
nbeb46a6746571666,n978,35
n6ab3268666e34535,n979,36
n27d0e021623bb082,n980,36
nba2f870bde16aca7,n981,36
n7e8fec73cd4b4415,n982,36
n580157ee3933c103,n983,36
ndfe65d7f6046dbca,n984,36
n42b3a55287afe1e2,n985,36
ndeed010755c6647f,n986,36
n9c54d3f4e6ac1cc1,n987,36
ndb7d9e0464cbe8b5,n988,36
n29fa8d92b057edcd,n989,36
neccfea2cc3e18ae9,n990,36
n824826d10a2ff438,n991,36
ncc68bcb03b095236,n992,36
neac12e78bff2f080,n993,36
nfc4c0448696a4c02,n994,36
n25f24a2c06fe69a8,n995,36
nf7f9f7fffb1d9f55,n996,36
n7b4dd414a89df19c,n997,36
nf0d08a67fd13c222,n998,36
n99622306cb289ed7,r12,36
nfa01c471415473ec,n999,36
nfaa399052ce468a5,n1000,36
nc9acc9775e6bad9f,n1001,36
n4ecd2b552fe81e07,n1002,36
n768e6cc2a0f20d65,n1003,36
nbd90427fa513c401,n1004,37
n8a0630a314e4971a,n1005,37
ne57fc05a3519de50,n1006,37
n8d048d62e9ead8eb,n1007,37
ndf57711c8d7ff4c2,n1008,37
nddb9ffb36fc555cc,n1009,37
nbf60f4137ade7966,n1010,37
n6a99c900fbc7f1ad,n1011,37
n88213ea7b47cd0d2,n1012,37
n2626ccd3bfbb5f48,n1013,37
ncec1e12e0fa91e05,n1014,37
n064921e5590c6dd3,n1015,37
n2e463f3b92246b95,n1016,37
n1872e09cab50f8a9,n1017,37
naba8ba24d1c84bd8,n1018,37
neef5239ef87e72b1,n1019,37
ne00a5266dcd49ab2,n1020,37
n373036a7c8ee9bbc,n1021,37
nab2c408380a48f9d,n1022,37
nb0ebbf9ba1ced82e,n1023,37
n8f210a1e307de46d,n1024,37
n6f71dff1dbcc7bb5,n1025,37
nc6a41dee2ef836a4,n1026,37
n94ed13ef7db9209c,r13,37
nc792d12ab4b28bbd,n1027,37
n81e8bb69b34b5b5f,n1028,38
n894e1ef436883ae0,n1029,38
n830f046860e1f39a,n1030,38
n3453ce05bb8037d3,n1031,38
n46995774fd3d5b0c,n1032,38
n8fca47fdbfcb1656,n1033,38
n41da2eaec3a92f91,n1034,38
n4d9f30cadcc0c11e,n1035,38
n112721d994a50b58,n1036,38
nbb4248adab199b27,n1037,38
n30cac9c451fa5a9f,n1038,38
n7bc01ff9d69fe780,n1039,38
n7e89f74f75f80935,n1040,38
n6036de95ed319a37,n1041,38
nac004f1989c1982c,n1042,38
nfce4e39d79e8d5af,n1043,38
nba7a3cffbd42bc5a,n1044,38
nb1dde347ed208cbb,n1045,38
nd2da9a556f1e9255,n1046,38
nd9f86d7f60b78cb9,n1047,38
n09181a7581c779ca,n1048,38
n4a23829a775d550d,n1049,38
n3a07d4cd3ff8f58f,n1050,38
nb3225f794a1f724f,n1051,38
n2a81671cfca51fa8,r14,38
nbd0e144d6435d14e,n1052,38
n2910785276d6e1d3,n1053,39
n2b8b7ed96bc15321,n1054,39
n2879187b1f97d717,n1055,39
nbfa7e7324f80a0aa,n1056,39
n13442933afa700db,n1057,39
n8f9185aef5305144,n1058,39
n2fd9cee384a7748e,n1059,39
n08a604bb2841ebd4,n1060,39
n8db8170a477c8e52,n1061,39
nbd4bcea1c3824e2b,n1062,39
n0e206565787730c1,n1063,39
nc59876ecf02f0fa5,n1064,39
n0f7e8d0b76c59253,n1065,39
n623d643d162310d3,n1066,39
nf72b202e1850ae61,n1067,39
n793d509024f55557,n1068,39
n9468a8f530a00372,n1069,39
ne62db89b3ba6c0fe,n1070,39
nbf2d3916f499642e,n1071,39
ncf0e0d116807fedc,n1072,39
nddc05a363d3aaa4b,n1073,39
n499c7c23fdb745e2,n1074,39
n136cd3d1a4f31812,n1075,39
n44ed3fa901cab64b,n1076,39
n8fb536afebc894a8,n1077,39
n5d21fa242c986a5c,n1078,39
n95ed19518a7d4e41,n1079,39
n0528eb2e41c45a16,n1080,40
n7ec7efed835430db,n1081,40
nd1d4ceaa91748ae5,n1082,40
nf59e37ef0e44535f,n1083,40
n4145353adc88fae5,n1084,40
n0920c3a1f2802fdd,n1085,40
nfdacd8dfa151103b,n1086,40
n445d9a38725bf65b,n1087,40
n488998c44b0ab596,n1088,40
nc400224a61017bc2,n1089,40
nd7bdb9b3df7d7085,n1090,40
nee4f5b35b08015ee,n1091,40
n9f21b4adb22e8044,n1092,40
n05f954a8a885beaa,n1093,40
n7eab255d194c55fb,n1094,40
na8e58e22c0ae139a,n1095,40
nf3d37fd63bb9171d,n1096,40
nbbcf936268ede1d0,n1097,40
nef0ea68f058f3b0d,n1098,40
n6aea1e9aab5ffd07,n1099,40
n7f45030dc4fc8d25,r15,40
nbe66b11d74808874,n1100,40
n932f01289e1a484b,n1101,40
nde5c5a0c7ffb9b43,n1102,40
n72959ddb8890799e,n1103,40
nbef73ace1a04bdb0,n1104,40
n9d141c91bf22a306,n1105,41
n26b6a2730c34de09,n1106,41
n8e32ca97e334c9c5,n1107,41
ne12fe6ba3922b202,n1108,41
nf4a84bf76d5dd52b,n1109,41
n5929ded82ae9e8d9,n1110,41
nd16e4c96776dabdc,n1111,41
n543c83878c0b9f8d,n1112,41
n7cc5b6ad32b8224c,n1113,41
naa414e6debd3c972,n1114,41
nd4bb8d53523e8efd,n1115,41
n3fe5323ff4c435ab,n1116,41
n6e3217e0a75aeb27,n1117,41
n964a56756ad527b8,n1118,41
nbe775e49ba6f5aa8,n1119,41
na95c42df1a3ff9d9,n1120,41
n5522670cac0d2171,n1121,41
n1615e1d3e6a29bd0,n1122,41
nfb27aa2b9378cefc,n1123,41
n3692371059a48b35,n1124,41
nc5e7ae69167f87ec,n1125,41
n4f12cd796582fb2d,n1126,41
n68f345ba73c9f50b,n1127,41
n5c90be03011a4bd9,r16,41
ncf45415c99713d97,r17,41
n7879768f2a2375ba,n1128,41
n6a502774d04bb09a,n1129,42
nf38e69044604a439,n1130,42
nc7758900d8155f2d,n1131,42
nabd343823f9b8d84,n1132,42
n6e9fafc82d2fcb80,n1133,42
nfc681592d165681c,n1134,42
nd0add46554ec5510,n1135,42
nb203e7307a4894e5,n1136,42
ne3b3f21fda0d4a04,n1137,42
ndcfe0848b2fdbd7f,n1138,42
n62db663eb64d4505,n1139,42
ne37270bfbbfbd0bb,n1140,42
n9d0bfa099f6c47f2,n1141,42
nb5a9fdc4d24347f8,n1142,42
nca98794eb138c4ac,n1143,42
n9b82bfa00a3177da,n1144,42
n4ddeb17e608b8edf,n1145,42
nd92ac493118ad760,n1146,42
n4582e189fbf3f288,n1147,42
n5a0c17dc962c8fb8,n1148,42
n719b19b3b29367c7,n1149,42
nfdaee2ce6db3d0f4,n1150,42
n45b148e6aa4e6647,n1151,42
n927293af2099199f,n1152,42
n9ea6af3252531acc,r18,42
n8d2ea10c406a05cb,n1153,42
n4a045aeb8b418dcd,n1154,43
n25a325086b6a2fa6,n1155,43
nc5268f91e7287520,n1156,43
n418b13261389c5be,n1157,43
n9551231325105b31,n1158,43
nbf600ed99b300720,n1159,43
nd0d5614fcfbb9ccf,n1160,43
n2ec7798786b9d96d,n1161,43
nb84d2ba4ec93164c,n1162,43
nda77b2e9ce8e386a,n1163,43
n5360d24689fb1c7b,n1164,43
n6515f89adaaea22b,n1165,43
n8ea2c68b82ddada8,n1166,43
n73748e41b1048956,n1167,43
n9d1980bcce505365,n1168,43
n3316c83fdcc75c7d,n1169,43
nfff27ad3cb97f854,n1170,43
neb79945202a8404d,n1171,43
n88266a12cb7f28bd,n1172,43
n0857bfcc4da9cffa,n1173,43
n00a1a1428d945fa9,n1174,43
ne7f05d31491df514,n1175,43
n1b8a32b5a6c5a843,n1176,43
n65ea457164745d9e,n1177,43
n479d9fcc15bfa4b6,n1178,43
ne2229d273c71c287,n1179,43
n70e550d1533e51b3,n1180,43
n8554914163ab89e6,n1181,44
n17f2f83345d63c56,n1182,44
nad939855b48d0344,n1183,44
nd1a0ea2d27511701,n1184,44
nf403bb5d19fc5b18,n1185,44
n0e20ea70d72c1609,n1186,44
n4a9c0821684d7350,n1187,44
n72b557173f04bf70,n1188,44
n3f8bf5519d6f8d68,n1189,44
n75d8334418945ccc,n1190,44
n80fac6ab2b77c3cc,n1191,44
nf9659d2f9a98699a,n1192,44
n1cdcb0292571ba0d,n1193,44
n50f82e1217687612,n1194,44
n19f769183eac1834,n1195,44
nc43be7c503e8da4c,n1196,44
n70e0e1b3727e5b8e,n1197,44
n7e36f028109873c4,n1198,44
n32422f0b70627c95,n1199,44
n082739dcd614a3b6,n1200,44
na2dee7131d341efc,n1201,44
na52d20d6897bbf00,n1202,44
n8ba6ec35ad320692,n1203,44
n8c1f02c8c785bc91,n1204,44
ncb48d2170b19ce4f,n1205,44
nbef2a4bbdff51329,n1206,44
n573d1f8efed059d8,n1207,44
n868e68b7d56d973a,n1208,44
ndec245dfaa9bad90,n1209,44
n998b6b74e3cc6a4a,n1210,44
n5b65b54e725db343,n1211,44
n550b7932856e4aa5,n1212,44
n0ba9c4e5dabf6e55,n1213,44
n0be1a0621348c656,n1214,44
n66bf71df5ffa1ad7,n1215,45
ne7d2ff485e99d919,n1216,45
n928565ba337ad9b0,n1217,45
n1c74e5571c20fd03,n1218,45
ne834d70cda9d2da2,n1219,45
n8a95a51479b7e40f,n1220,45
ne71d31d82be404d6,n1221,45
n03a78bbe8c019f96,n1222,45
nafa72568cc6dcec7,n1223,45
n88a05649003e17ec,n1224,45
ncf76ebf5a79ff64b,n1225,45
n25c1ea526df52748,n1226,45
nf3951d7818057e4d,n1227,45
nefa202e96053271a,n1228,45
n269c3f602d07df0a,n1229,45
n71b00e938ac20ecd,n1230,45
n4f3d3f08fbdb8db2,n1231,45
n601dde321389052b,n1232,45
n48c902934334080b,n1233,45
nd84f6c9c633fb76b,n1234,45
n1fb6b91525cd0486,n1235,45
n81349e6d233c598b,n1236,45
n67c040574d257a4f,n1237,45
n729250581571ff11,n1238,45
n324f130de675f8e0,n1239,45
n90ee629f9a60224f,n1240,45
n45434cca2cae8e21,n1241,45
nf10dc367a62a1b06,n1242,45
n6f347293e8f46f5d,n1243,45
nfd8d8e8d28769bd6,n1244,45
n44c6cb8d0aaca94c,n1245,45
ncf8c2fe6910051f5,n1246,45
n45734042f1bd10b5,n1247,45
ncdf1e32ff5365b3f,n1248,45
nd31c1ba3c8c844d1,n1249,46
nba664b4ebf936112,n1250,46
n749681e725f8ebeb,n1251,46
n9f3033245c2d70f3,n1252,46
nb9352fbfb6ba199a,n1253,46
n6498e675cf2f3832,n1254,46
n5ed98a4e2dff4a95,n1255,46
nc9b2d5c7537d9de4,n1256,46
n8d628290515b9961,n1257,46
n756d7cbcb7c1f6c5,n1258,46
na485b8743e5bd6d1,n1259,46
n4dc903456abd15c9,n1260,46
n19d4213f2a45ced6,n1261,46
nc4e7c45d5722e217,n1262,46
n2aa177fa53ef0100,n1263,46
nebfd3e2f1bf61646,n1264,46
n9d01603db05a3f6b,n1265,46
n4989e67be7c379ad,n1266,46
n47c03ff4600e2861,n1267,46
nb0be00fc506fb4c5,n1268,46
nec497c9597b9e108,n1269,46
n99a6306278524a2d,n1270,46
n9f94f27f3d967af3,n1271,46
n0147b29bb62ffd46,n1272,46
nf8f51b72fd41fe3c,n1273,46
ned4a9c0e16300d00,n1274,46
n09c71b92fde31544,n1275,46
n264bba02e796023f,n1276,46
nedeacf3428ed0ce8,n1277,46
n311aaae630a4b6cb,n1278,46
n481919ebebf3a780,n1279,46
n522d649984c9e63c,n1280,46
n3b8a910de863a039,n1281,46
n2dcad908e2099269,n1282,46
n438c7d8cdc537ead,n1283,47
nfabe638e11c928e5,n1284,47
n58528512d1026556,n1285,47
n14bf926999c5f6a7,n1286,47
n9614519693642f38,n1287,47
nc7fa75a089dc59e5,n1288,47
n22e4a280541e3f00,n1289,47
n2f0b47948fa0b013,n1290,47
n39f36ce977dbaad9,n1291,47
n510eecfcd2bbd781,n1292,47
nae057f3990d1dfa5,n1293,47
n4c088b39526cb90d,n1294,47
n74bb6caa0f9b385b,n1295,47
n1646c1ae1b4ed1ee,n1296,47
nd09f789565072a31,n1297,47
ncc58194ca20f2067,n1298,47
n53075c76222b824b,n1299,47
n25682f4ca58dba9a,n1300,47
ne953c3741c569884,n1301,47
n7405d67bc8f0253b,n1302,47
n50f224292df74b1f,n1303,47
nceee993afeee5581,n1304,47
nd5832b231d457a91,n1305,47
n190915f7bd8ac3c6,n1306,47
n54cc00de6bc07c2b,n1307,47
n65538238875ef348,n1308,47
n1469258ade1f82f0,n1309,47
n8b38e822d2900119,n1310,47
nef48d6e46008dc0f,n1311,47
nf88ad4e0d6eef068,n1312,47
neef11fbfcc2cfc4b,n1313,47
ncea65805d25abec6,n1314,47
n4dacfb0d306dbdc0,n1315,47
n426f5351315d93a1,n1316,47
n283bf5676bad3d8a,n1317,48
n5172dacfd81c5f60,n1318,48
nba6097349818913d,n1319,48
nef275fd49059999a,n1320,48
n2dda35b5b0b91af8,n1321,48
n3730a4af3f4be945,n1322,48
nd5926bcaa1d66401,n1323,48
nb0da1e3ee6222797,n1324,48
nda0b4bf53161f63d,n1325,48
n55fce7ec3de0e910,n1326,48
n3627472a0baa9199,n1327,48
nb13b4296ca6df84e,n1328,48
n1af40e2ca549beef,n1329,48
nfdeae85fc2387293,n1330,48
n7b18fde9cb2cdffe,n1331,48
nd078431f3ac1df1e,n1332,48
nbd07c9534eb84965,n1333,48
n19b8ef939154703e,n1334,48
n20e65e80504c5689,n1335,48
n163218af640db942,n1336,48
ndaf715632095e743,n1337,48
n77d71830eb9febfa,n1338,48
n3670848b5f872163,n1339,48
n4720e27a5b4ff23a,n1340,48
nc0d2551b95c30815,n1341,48
nc962a0d6564eeed6,n1342,48
nbf37e1e11a21a7a0,n1343,48
n9ff2888845a230af,n1344,48
n84753d6fb12c574f,n1345,48
ne84dbb8e3b7b6ee2,n1346,48
n75b8d808eb148d24,n1347,48
nd65c3d3a4b844e95,n1348,48
n33bcf3aff6bfd117,n1349,48
nbb0fec78a5578972,n1350,48
n3cf361b17ece32de,n1351,48
ndf7036d61385cf6d,n1352,48
n313c122869d5d226,n1353,48
nff9b6e76b491d113,n1354,49
n9d68d10f9f62e210,n1355,49
nf2703c61d9863f2a,n1356,49
n366ac13af1818f40,n1357,49
nbfc8d977c1b7752e,n1358,49
nc6622d94250ae00f,n1359,49
ne785895a04de4add,n1360,49
nb9064f79ac5465f3,n1361,49
na45c3b16bfa1869f,n1362,49
na8d4a0ac0964e824,n1363,49
nc4ce6b513ac2b61e,n1364,49
n3f362b7715ec5a47,n1365,49
nf399594a79b71306,n1366,49
n8469e413683aefeb,n1367,49
n1d44369f22dd2ff9,n1368,49
na634d4d982129911,n1369,49
nfc558462386047a9,n1370,49
n5faf5da1926eebe4,n1371,49
n5eec1b113dfe008f,n1372,49
nca9b8ac08c44fecd,n1373,49
n628995667e317b50,n1374,49
n3fd63e70112d2a6b,n1375,49
nb8a6e5f2e5e9cc45,n1376,49
ne7cd51f5ac24e963,n1377,49
n545bd3639538b9ce,n1378,49
n7f1d2e542117807f,n1379,49
n90161c11dec32e44,n1380,49
nfee60b331e6384a7,n1381,49
n326c9592c8414122,n1382,49
nc3423853f712b319,n1383,49
n0782001ff99ecdb4,n1384,49
n88e36f195257198e,n1385,49
n054bbed365b71a77,n1386,49
nddd87c06a8347756,n1387,49
n5e12e2c7cfc4af8b,n1388,50
n41f2fc41edf3761c,n1389,50
nc4bf9ea556c2e43e,n1390,50
nc987062dcd565361,n1391,50
ncd30da71d36ff442,n1392,50
ndcfebb7871b9b787,n1393,50
n155863a9274c7172,n1394,50
ndc93728819b5dd57,n1395,50
n3502972de6273182,n1396,50
n9d3e3ed6cdf58d67,n1397,50
nc7a1461bc43091c4,n1398,50
nd36a16cfa2a290e8,n1399,50
ndcec7a1eab88766e,n1400,50
n3e7872b326697feb,n1401,50
nf9c00af48d31c212,n1402,50
n96149e24f176fe23,n1403,50
ne9834ce671b4ce90,n1404,50
n3bf010758a4f5e49,n1405,50
na3dfda913cb46a29,n1406,50
n04ed98e2f7cc30eb,n1407,50
nb6edba270fc6a193,n1408,50
n11c51bc3ba715383,n1409,50
ne6a265e942689fed,n1410,50
n2e7f63f04236512d,n1411,50
n3147f68410ac3727,n1412,50
nb66c954a2d80299e,n1413,50
n8b12ab5db9a741b9,n1414,50
nb837649b7b47ef0b,n1415,50
na20171cf40f3ff11,n1416,50
ncdbf76a5ad8f3dc5,n1417,50
n62486c22894459d7,n1418,50
nf3eb128908885bf1,n1419,50
n5819048317a18008,n1420,50
n596587d53688d85a,n1421,50
nd641fa5bbbbd58cd,r19,51
nc886d7ba7cb61d2a,n1422,51
n66982c8e393b94f8,n1423,51
nab6546a424a78d92,n1424,51
n55973606ba694568,n1425,51
n5f9b457fc1b5d095,n1426,51
n708a65764bd25780,n1427,51
n25aa77a383d621ff,n1428,51
ndf456e137b2abd8d,n1429,51
ncf3c09e37f76cd9c,n1430,51
nb02376d3f0945741,n1431,51
n8faca27f0da62ee2,n1432,51
n84fb118cebe24b33,n1433,51
n4abc8be1f26f9fad,n1434,51
nc89434f70b170ef7,n1435,51
n5dc99034c17be32f,n1436,51
n452c13afd1e9b66c,n1437,51
n4af5999b2810d0aa,n1438,51
nbcf9a1d5f5105ade,n1439,51
nb40558eaf0af5a19,n1440,51
n703be70449793d78,n1441,51
nc9841786c89f9589,n1442,51
nd2eea4c770b1b6eb,n1443,51
n56fa4dddc995564a,n1444,52
nd8a18b29eb0b1ec9,n1445,52
n0dcfdd7b84d8faf0,n1446,52
n480f839919609aa4,n1447,52
nb2e0ddf626d7bb77,n1448,52
nbd4c3780a48be933,n1449,52
n3b64b5df1007d085,n1450,52
n505b45317fef3b61,n1451,52
n9ad85c182274f853,n1452,52
n09e5571e2c2fad67,n1453,52
n3de31f41f0415bd3,n1454,52
nd621946baf271f27,n1455,52
nd5b4bc7ad019a0f0,n1456,52
n62ff957f9617c6bf,n1457,52
na5dc8cb20ab4a16f,n1458,52
n55849efe209def95,n1459,52
n1501e9ff934cc459,n1460,52
nf52983aead3b21bf,n1461,52
n9707e683f40d7565,n1462,52
n419ee871ce88bb45,n1463,52
ne1503e14aede80be,n1464,52
n0419b9e94c4c1c81,n1465,52
n376a7399763076f5,n1466,53
nfaee69e469ebeb4c,n1467,53
ne80d47e5b28ee90a,n1468,53
n851f5a59885c8911,n1469,53
n8aabee3b49c42489,n1470,53
n40f32e8fe44982aa,n1471,53
n4f7764e88baf57af,n1472,53
nd28c3af163f56475,n1473,53
n680adc1a2e896ff6,n1474,53
n469815473066d495,n1475,53
n5eedbe214758939e,n1476,53
nf7588d5c46325040,n1477,53
nd8e94cd80d7670b8,n1478,53
n414ed39f3e8abaab,n1479,53
nb57412ac614defbe,n1480,53
n615451da7f265060,n1481,53
ndf2b20398a2546e6,n1482,53
nc1ad8bba8f357fef,n1483,53
n6ae7d3bd2a8d129f,n1484,53
nd7b0a87da12599e3,n1485,53
nf9ee165559e40180,n1486,53
n902ade3084aaddfb,n1487,53
nb76371d34bbe423b,n1488,53
n61859fb38b7009f3,n1489,53
n7fb4b1d8e13be1ec,n1490,53
nc7e92b227ed2be01,n1491,53
n9f53d364474a586b,n1492,54
nb4c8f205ddb1a7c8,n1493,54
n9696632871d83281,n1494,54
n1b3b1419e0b6d6e2,n1495,54
n076c4adc4576c463,n1496,54
n0433b0358d5d86d8,n1497,54
n88df06ec0e3b408b,n1498,54
n59dd324253566d4e,n1499,54
n43aead553de4aaaf,n1500,54
n902b14a7c5b0d419,n1501,54
nd92ec39442dd6fca,n1502,54
n7a906d1c9c873d5b,n1503,54
nbe6d35f05b50a6ee,n1504,54
nd718b97c1d81c566,n1505,54
nd2e9b9fae83c62dc,n1506,54
naf8a0328b92fb739,n1507,54
n11afcfa945d7c97e,n1508,54
neb3390e487896a99,n1509,54
n5bf7cac00ccd859c,n1510,54
n038ac5cc072ac4de,n1511,54
n89f8b3154165e817,n1512,54
nd35616f5e1425bdb,n1513,54
n79c3ead1a48808ea,n1514,54
nbb7a00ce618dcdf5,n1515,54
nfb29b01e60e9160f,n1516,54
nee23e377534a3c9d,n1517,54
nd6adffc57c31fa74,r20,55
n36f20f3068eca105,r21,55
na6e04a7830e88688,n1518,55
ne87ec9bba4b51320,n1519,55
n7f5ec6bb068860b7,n1520,55
n08102ede491447e8,n1521,55
n7dec75e9c4718d78,n1522,55
nb197ec262ac21cf3,n1523,55
n5ed283b684af09f2,n1524,55
n651520ef8138cace,n1525,55
n1fd331d47e13ca19,n1526,55
n80ed067e89ae99ad,n1527,55
n5131bfe86e8f227d,n1528,55
nf50748325db548c3,n1529,55
n14789b6d16c83f19,n1530,55
nbf19b6f80a2d5969,n1531,55
n6676aa73699f93f0,n1532,55
nbd2a7dfaa3d80654,n1533,55
n786e437d66446d8d,n1534,55
ncd76b5b45585ee2d,n1535,55
n981e4311242a73e0,n1536,55
ne694eed3ef8d19e3,n1537,55
n9496fbeba022ef44,n1538,55
nde1515a1c32ec734,n1539,55
nd69d753960d9cbf4,n1540,55
n809ab1b8b8da72f9,n1541,55
n0912280fa8bb9057,n1542,55
ne7a1f88eacd7d581,n1543,56
n9c415de16af4fc11,n1544,56
nf410e28ce794b49e,n1545,56
n6b076bce77f50e39,n1546,56
ncd69e6ebe781c77c,n1547,56
n36c6122990bb6fc8,n1548,56
nfb4aaa1806fb3a3d,n1549,56
n14ab2b96821d2d84,n1550,56
n94f8d0ba84e8124c,n1551,56
nf805ffb4464201be,n1552,56
nb8d6fe90c5eadd7a,n1553,56
n14296c3ee484d3de,n1554,56
n412617fa4e7e010d,n1555,56
n97e4328d55544509,n1556,56
nb6795e39ffd56f2a,n1557,56
n08433ca7524448a7,n1558,56
n7ee379e2ca33f3e8,n1559,56
n88570960f1bbde08,n1560,56
n77417b3afe28e6ec,n1561,56
ndac5cd2712393ae9,n1562,56
n59d0dbe2cbb44151,n1563,56
n465766520e55c3a9,n1564,56
n9d557145de46144d,n1565,56
nff07907657fd07cd,n1566,56
n9eab44587ad14637,n1567,56
ndca18938ea76428a,n1568,56
nea554bf8cc24a141,n1569,56
n17588a0539034381,n1570,56
nda884169ee0cd2fd,n1571,56
nf1e61825d843e2af,n1572,57
nc1a84e3b9804d9c4,n1573,57
n4f72bcb8eac63b2e,n1574,57
nc01de4f2b452badf,n1575,57
nd2d16c8d4c905af9,r22,57
nc0ad8ad863ad454c,n1576,57
n94849201f893f137,n1577,57
nf4cf1d22e19558ad,n1578,57
n9005f59bc9a5f3af,n1579,57
n4b7a876fa071a066,n1580,57
n66fae7af8f849a74,n1581,57
ne31a7d78b23b7dee,n1582,57
n4251a063e5a316dd,n1583,57
n3dafb32444938a71,n1584,57
n37f08e00f10ad7dd,n1585,57
n327f560031f72c02,n1586,57
n54147e1b25cb293f,n1587,57
nb193e4a36344634a,n1588,57
nf8ab74c60423a29d,n1589,57
nf1bca5badc24338a,n1590,57
nf4a9276e86ad246b,n1591,57
n511ec60b9c705bb2,n1592,57
n9db743cf77381744,n1593,57
nb7d47faed0c7b60a,n1594,57
n0e6cc5d0a8deebca,r23,57
nb3ff02ac343a8992,n1595,57
n3170d04eed7b3b5f,n1596,57
n83bcc4ecff048240,n1597,57
n5048bce627a5d24a,n1598,57
nacc143b220967f64,n1599,57
n444b519a56cc6aee,n1600,57
n0241656ecc3e637a,n1601,57
nd1e20a651e71843c,n1602,57
n971ae0b4d013f277,n1603,57
ndee930e7333d1565,n1604,57
n518578c5a9d20f57,n1605,57
n08229ee995c94c67,n1606,57
nbdd1a96a4752de25,n1607,57
n9c6bbf3e1300ee2a,n1608,57
n98b99d2c6f6b1278,n1609,57
n7bb1810ca58a724b,n1610,57
n0bbc1be5419b5458,n1611,57
nadc399438a821c90,n1612,57
n52a8e7b937818a9b,n1613,57
n74f542f5cebe4aa3,n1614,57
n5568123b6f83e200,n1615,57
n5c73f5341f2794a2,n1616,57
nf8868996ae7db8f3,n1617,57
n0cddbfebc0cf44e2,n1618,57
n1e4e6bf73c068c4c,n1619,57
n82d2ba9adad50597,r24,58
n404aa48c0788a173,n1620,58
n49ac39fbb06cc036,n1621,58
n80a9bd98f9155ba3,n1622,58
ndece073ea2572dd7,n1623,58
n51100c9ff5be4e10,n1624,58
n20ee3a3f4404e43b,n1625,58
n2c848cad43cecbef,n1626,58
n507f0a1b95eaeec9,n1627,58
n89831432a322e580,n1628,58
n9a6595ad37e97af5,n1629,58
n67b36e3fdcebe705,n1630,58
n55a4f102a273c456,n1631,58
ncd8467fa88476e08,n1632,58
na8cc5f9d60c55bb6,n1633,58
nb2623c5beaf8e12d,n1634,58
n0ebd3c3ecc731c77,n1635,58
n71f4af130de54d13,n1636,58
n34a93845a9fdca2c,n1637,58
n1a5be932758041aa,n1638,58
n093b51426ee13e24,n1639,58
n4692212d85d1e946,n1640,58
nbe2ddd821195b331,n1641,58
n37805899224f621c,n1642,58
n088771249cea36cf,n1643,58
n6980d3c1d2b8d2d9,n1644,58
n5bae5044954f396d,n1645,58
n9fe5f0fa7764d60b,n1646,58
ned824f6583b2a042,n1647,58
n7c220af30580df42,n1648,58
n430fcb38aaa34aaf,n1649,58
n7e44b348f56a5c3f,n1650,58
na65ab2c550ecdbf4,n1651,58
nf97a2e1ce29e7f5c,n1652,59
ndf35c805b72af539,n1653,59
n66a1d569f73d51b4,n1654,59
na37c881726e5d6bb,n1655,59
n17030fb7580cdb13,n1656,59
n112060a322a31ff4,n1657,59
nd90b03513ee0cfb7,n1658,59
nf7184cdf2785b805,n1659,59
n420d0857f7a4c604,n1660,59
n3de6d752792b065c,n1661,59
n73990fe888279c6c,n1662,59
n5a5f4f142002019c,n1663,59
n7a869f7583855457,n1664,59
n28a30644baaf8508,n1665,59
ne45a50f5f1a43e90,n1666,59
nd3b750ff5b26b12e,n1667,59
n04c0795cbeeef24c,n1668,59
naef99ba527f8eb3c,n1669,59
n54f6b521c28f8382,n1670,59
n030ed488d8e89473,n1671,59
n44296a753042d386,n1672,59
n4a7c22f907b3e1d4,n1673,59
nb7b5a996e4495608,n1674,59
nb3faf92f45c6e7d8,n1675,59
nac43b1e095bafc21,n1676,59
n0450efa8f263b536,n1677,59
n2823b32b8d3e9151,n1678,59
n6f4d0fdf538d70a4,n1679,59
n8c62c6a17aa56fbd,n1680,59
n22ef147834ab13a9,n1681,59
n82bb350316993e5d,n1682,59
n0d8f271d05057976,n1683,60
ndf0e6711c7d4a7ab,n1684,60
n809cd4f85af3666d,n1685,60
n2d2725f9817fc7c1,n1686,60
naaa8a243e1d473a2,n1687,60
n41cbfcd80fbcf83d,n1688,60
n5ce8bca01d0dd887,n1689,60
n220d6397ce21b219,n1690,60
n65d20f96a47d58e6,n1691,60
nbb37741ed348d05b,n1692,60
n4fc5462d4fc6118f,n1693,60
na1e54510d6d2f6ac,n1694,60
n39b9b48c7acf5481,n1695,60
nd16b264529c17997,n1696,60
n1ee694e0c2eca7e6,n1697,60
nd6bf9d040cb2f324,n1698,60
n3d80b854471f622f,n1699,60
n7e72786303c46d99,n1700,60
na2e9db71b98cf462,n1701,60
n344f5696d643642f,n1702,60
n1e572cd8c7428057,n1703,60
nd03ddae600fb89c1,n1704,60
n878a8c8fb4374231,n1705,61
n60fd6701b005fa18,n1706,61
ned12dc502ffb04b3,n1707,61
n069dabc4cbbe79af,n1708,61
n1b898c82294b28aa,n1709,61
n89bd53fc3e94866f,n1710,61
nb3ce206fc74f73c4,n1711,61
n62de80685385da3b,n1712,61
ncf49ae9aefa022f4,n1713,61
n9b0db0f5f64e87fa,n1714,61
n26bc5b3b24f74ff2,n1715,61
n7c8678a5c67130aa,n1716,61
n481342a1831bf514,n1717,61
nd15c036c9bcb957f,n1718,61
neb9669f915d2eb03,n1719,61
n8afe104a51c079fc,n1720,61
nf6004b03f92f0bb2,n1721,61
n297569f3f64c563e,n1722,61
n1db87f7f410370f1,n1723,61
n959ff8a2129d3eab,n1724,61
n4689db611a4fb05b,n1725,61
nca551b00a2d2769b,n1726,61
n92125646a638aa2b,n1727,61
n4469346eb64cfada,n1728,61
nd57887538a7abecc,n1729,62
nef8bc1e57e2ca1c9,n1730,62
nbebe837f070b3b23,n1731,62
n8d137ffd07d5d975,n1732,62
n608d07ed8719b97a,n1733,62
n7c5293825b124a24,n1734,62
n8e2029b93404290a,n1735,62
n4ab0abf03e56764a,n1736,62
n8cd4d61068120265,n1737,62
n655dd4284ae464dd,n1738,62
n34b9d91f73631a64,n1739,62
nac2fb6e021bd1a65,n1740,62
n76520cf3b3891c86,n1741,62
ndfca346653e29a46,n1742,62
ned5b82e95515c060,n1743,62
nb91fea7536f4c7ae,n1744,62
nc75d310a10bd7d4f,n1745,62
nd2930a76a97083fd,n1746,62
n1ae76caf8e3906a4,n1747,62
n42b99cf08d302baf,n1748,62
ne3c9a7b5a4debeed,n1749,62
n6cf58ccc53cc6e22,n1750,63
nb1a2722efd507820,n1751,63
nc102c875bf620f03,n1752,63
n623a15cb16b184d5,n1753,63
n6b98d61089032936,n1754,63
nd3f84466519ce8f8,n1755,63
nd658438ac83c13a5,n1756,63
n8360502203221175,n1757,63
n37ee8bc9c3967fb0,n1758,63
n2f7641ee9875f143,n1759,63
nb3d65459b632302f,n1760,63
nb28dc59a46fd21aa,n1761,63
n13313902c79d6b35,n1762,63
ndac03f95af8406a9,n1763,63
nc38827201323c397,n1764,63
n7beb2a41b38c61bf,n1765,63
n7871ace993db143d,n1766,63
n26febfbb65fe980f,n1767,63
n88b7fc910db76b7d,n1768,63
n676383a8ab5a80bf,n1769,63
n8aaf5e7f0e432ace,n1770,63
n8172c9065cda8f3f,n1771,63
n70384908b6d4c22d,n1772,63
n8ee6fb16e2d3a384,n1773,63
n85a83bec9be58590,n1774,64
n39bd9ff0ee4609e7,n1775,64
n8d20bc9b26c7869a,n1776,64
n99fc7379b8768955,n1777,64
n1de3f75d04c833bd,n1778,64
n5afcc5c475ca4bab,n1779,64
n3324ba4e90136852,n1780,64
na227da7a0d93553b,n1781,64
n32f6b916a2c6f167,n1782,64
n2e04757b53701fbd,n1783,64
n50a08632e59878a3,n1784,64
n9b9e3f6998b16d11,n1785,64
n9ad79df7fefc9a53,n1786,64
n3a3c1369a29c8556,n1787,64
n29cae59622f3a579,n1788,64
nc8a11c4015e9d573,n1789,64
n2d13e7f4429a46e8,n1790,64
n200e566194108435,n1791,64
n221fd287cbef098f,n1792,64
n5f7db8d0cc0b0669,n1793,64
nd612573902b212e4,n1794,64
n59d2acf125dcc91e,n1795,64
n3b28923580fb2d63,n1796,64
n0e7e29511fff78e6,n1797,64
n523e308f776831a7,n1798,65
nc31dcf5011a3473b,n1799,65
n2abaf98ac2ea615c,n1800,65
n880d3b1447e31ed2,n1801,65
n3788d309f295cb20,n1802,65
n52fcd2969bdfc98f,n1803,65
n89c2787f0d98da92,n1804,65
nee60470540b69063,n1805,65
n8bcb905d9fd741c8,n1806,65
n52f67e593d43686e,n1807,65
n82af685c67576835,n1808,65
nbc41cac2ca24bdba,n1809,65
nc5c1b45042800b5c,n1810,65
n8379465c8a86706c,n1811,65
n1c73782e0451d812,n1812,65
n9c1e0da9005004b7,n1813,65
nf6fc2660553c5e88,n1814,65
n50396b24bbc55262,n1815,65
nd79584620f159b84,n1816,65
n8425652eb7e7b039,r25,66
n77a78b595893e10f,n1817,66
na4f6234958877889,n1818,66
nc86954158aa8282c,n1819,66
n01ada83f0de70d9d,n1820,66
nc8a8275ab5dde44b,n1821,66
ne5eea4acc304cf4b,n1822,66
n565749efc029cf17,n1823,66
n5eed65d04027081d,n1824,66
n464598c3fede5f97,n1825,66
n85d1dac9fc1c5859,n1826,66
n689e8beb411c12a5,n1827,66
n8f3cb96f405f8a92,n1828,66
n306d2d25131fd0e8,n1829,66
n03d9c880ed8b1e3f,n1830,66
n65262fb224aa160b,n1831,66
n7bf47d790b0ed49a,n1832,66
n76a1b6fc914ad9ec,n1833,66
n1e6dfb2851215d71,n1834,66
naee5ae11b364723c,n1835,67
n29da7765434d7bab,n1836,67
n25282084d2c3ca4e,n1837,67
n7c77c3eb0c1f6d3e,n1838,67
n924507d41ec4c166,n1839,67
n411aa53587c5ea96,n1840,67
nb752c8bace6e9502,n1841,67
n7cb980a711545f61,n1842,67
ndc5905b253c3d921,n1843,67
n4af4a48913cc4e7f,n1844,67
n7bae515cf3d8d21f,n1845,67
n37a10a8721772652,n1846,67
n2c62cd9862fd2b0b,n1847,67
nf42e4b2a999c56b9,n1848,67
n4e88fff80311adef,n1849,67
n68bab5def9f89fe1,n1850,67
n0f452e7f4cc97be6,n1851,67
n0ca3ac67797b52bc,n1852,67
n0504d1783e0b3dc7,n1853,67
n95e0f998a74021fd,n1854,67
n5a493919518fb8ac,n1855,67
nfa3a99319ede16d4,n1856,67
nbe96d43adea02d3a,n1857,67
n052f7c0458b9a7bb,n1858,67
n50f54620f19f4b20,n1859,67
n6d1df391b7466ecf,n1860,67
na4040153c0dd7a77,n1861,67
n5eb8abc09059edeb,n1862,67
nff7b6f47998c61e4,n1863,67
nc8f7d1024f1e359b,r26,67
nb106d728644cd360,n1864,67
n662406eb5a8a19b2,n1865,67
n4e33526835a86028,n1866,67
n03d37d1dc8cf5eb4,n1867,68
n893da641a4591d38,n1868,68
naf2b3e978d85d075,n1869,68
n2a8680b71c4005d9,n1870,68
n8fdf01dfe20556e8,r27,68
n19d9b9f159b71f34,n1871,68
n545ac2cd5274250a,n1872,68
naf23652f0ef6854f,n1873,68
n945543db1804ec1f,n1874,68
nbdeffbbad4a11863,n1875,68
nd114480f81040eb3,n1876,68
ne1dc058400aaae4c,n1877,68
nb12b36b4809ff947,n1878,68
n1f6f0bd81a34df35,n1879,68
n8b921ad525a9a3dd,n1880,68
n750d5cfd1971e123,n1881,68
n95d9ee4af3360136,n1882,68
n2f26f72ff1e03f3d,n1883,68
n90a805cad54ba028,n1884,68
nb81d32cb4202cea6,n1885,68
n1f894f81742c8eb1,n1886,68
nf3fd315703bba97c,n1887,68
nb07524314159f7fd,n1888,68
n76df3d974bb453f1,n1889,68
nc8aeba6c5ec98497,n1890,68
nadd08f111482ef28,n1891,68
n1ba0c981133963aa,n1892,69
nb2bee4ae90387100,n1893,69
n9c83fac25d1487aa,n1894,69
n5b2a3c0c40aec350,n1895,69
n84b814dbf9d34e46,n1896,69
n6e6356e4f4aa6242,n1897,69
n090f896f652fc633,n1898,69
ne630fae17945c6f1,n1899,69
n30fa2b40467bf5f7,n1900,69
n3e9400e58b0b7980,n1901,69
ne4a89e62d9316d6b,n1902,69
n360eacac71d3c9f7,n1903,69
ne40333bd3b153a58,n1904,69
nd36ec1f4fb269590,n1905,69
nf24d6f530499b04c,n1906,69
nb8c5fde2e2d9be42,n1907,69
n6be516c900ecd906,n1908,69
nb4f4fdc1412f6163,n1909,69
n34cb214d4db161d7,n1910,69
n56d01bde269bc189,n1911,69
nbbfb6ba446c3e503,n1912,69
n0127cded9deb8bca,n1913,69
nd9fa03b13c3396f8,n1914,69
n1b47c50f25e7fac3,n1915,69
ndaa730522d745525,n1916,69
na84715232f1742f8,n1917,69
ncb38df490ad06cdd,n1918,69
neaa97c34ab2ea34b,n1919,69
n1cd30812c056a3c7,n1920,69
n91d514ac676a68e0,r28,69
n3bcc2c5805de0f49,n1921,69
n4e503d3113b01e22,n1922,69
n521ea185ee28aac6,n1923,69
n213ebae2a6b60c99,n1924,70
n6149e3a6cc97f8db,n1925,70
n722da29f73776f98,n1926,70
n580315b1cb3775f5,n1927,70
naeeb0b4ea917a6b0,r29,70
na62b577f6893e715,n1928,70
nce3ae3b7a2691a56,n1929,70
n6a522db3aec61b73,n1930,70
n0b0f57f4ea07c0a9,n1931,70
nbda940cc40f47a14,n1932,70
nf9ed7edb1e75e764,n1933,70
n9d323e34b4d4ee1a,n1934,70
n36d2b26142680393,n1935,70
n8b76e72e79c19ae8,n1936,70
n86da6388dbdef5a8,n1937,70
nfacae6f017b20aa4,n1938,70
n168efedb9e400ede,n1939,70
n5638c5334981edea,n1940,70
n55dd7569cbf71810,n1941,70
na7146117d6a44e7b,n1942,70
ne1cb9adef6566e5d,n1943,70
n8c06241f00321461,n1944,70
na6e04543f343eeb7,n1945,70
n69b557e5fde68212,n1946,70
nc6c4465528729fcf,n1947,70
n4318fdb8e0d517ac,n1948,70
nab30cf4a76972d6d,n1949,70
n712d4b73281eec79,n1950,70
n4b741aca51574bde,n1951,70
n3c4c116846f7de40,n1952,70
nf36b3921a59670cd,n1953,70
n4d6509f6f2f5c898,n1954,70
n475c31798f4041d8,n1955,70
n865d9e1d9ddb72cd,n1956,70
na2072db3d000ad8d,r30,70
nebff706f64182c87,n1957,70
ndc5c2ce5295e88b3,n1958,70
nbf50567020e4b051,n1959,70
nd1ecbde2ac326c7f,n1960,71
n7aba33ab221c17fd,n1961,71
nd9491b6593803e15,n1962,71
nccbcb89f2ee8d195,n1963,71
na3026e04393df090,n1964,71
nb5826def09cb3766,n1965,71
nd38ef67044f92223,n1966,71
n53034a68f710a0d5,n1967,71
na0ec39a530fe6e69,n1968,71
n4dd9d1dbed95390f,n1969,71
n80551a7aa75c5514,n1970,71
nce5e2271201330a8,n1971,71
nd6263dc8b8126128,n1972,71
n582a9c053f066b95,n1973,71
n329e7cd938b3f081,n1974,71
n19ef1cb52c1cc92c,n1975,71
na0cd2c73a5f0b80d,n1976,71
nb1125e9aa5fce776,n1977,71
n62d569c8566fe877,n1978,71
n88feb3df9ecf3ce3,n1979,71
na5fdcb2a78ef6613,n1980,71
n6def0e1d10b3921e,n1981,71
n039c406f6d027a45,n1982,71
n71dfa52d0941d3d8,n1983,71
n0012d676eacfc664,n1984,71
n5615b3931a3bf916,n1985,72
ndb8ae0a34452ff62,n1986,72
nd94ecadd82163530,n1987,72
nffef3cf34e556989,n1988,72
nef6150cf848d1498,n1989,72
n26822fa95c3cef89,n1990,72
nf88d31a47061ec4b,n1991,72
n1136b48077534142,n1992,72
n94161c02ddf9f605,n1993,72
n33f2656b32745530,n1994,72
nd87cbb2f82271652,n1995,72
na0a89ae0f5f4b23c,r31,72
n4fd1f56a3d747c8c,n1996,72
n7cbb4db91b95cb4a,n1997,72
na8080b41f44ddd98,n1998,72
n735b171792087d9a,n1999,72
n99d395f286d3b379,n2000,72
n406bbd7a4ceaddf0,n2001,73
n3fb060be1f1c08a1,n2002,73
nea0736dd20efdb01,n2003,73
nd252b06d74efbed4,n2004,73
n6d284fcbe56cbf4e,n2005,73
na6c1ca9ab78232d9,n2006,73
n9fff69060fa39786,n2007,73
n2d0d9502c71ab9bb,n2008,73
n25a86c9612112932,n2009,73
n865bfb6f5c201de5,n2010,73
n1465f17529d2379d,n2011,74
nf4f0e775540e0b1d,n2012,74
n956332ac87470946,n2013,74
ncce8491be962cc5e,n2014,74
n94e9996feb6edef0,n2015,74
n72a3298155774073,n2016,74
n0e779c5b9469d0e8,n2017,74
n73ee610f78c46d90,n2018,74
n44a29f7e8ba0d0dc,n2019,74
nc39bba0f5237e11e,n2020,74
n0856ddefc92014f1,n2021,74
n3763d0691eaf75d6,n2022,74
n528f9fedde110965,n2023,74
nf12372e4bfae12ba,n2024,74
n643dfaa23193ad0a,n2025,74
n1b5a8f5aeb88ad07,n2026,74
ne4aea842f30ec614,n2027,74
n0faf7b251f660cf8,n2028,74
nd03659deb52a0fb3,n2029,74
n48e08ef3e818309c,n2030,74
nb6c69f86f8b977f0,n2031,74
n0f1e592ba6247f49,n2032,74
n1bd04d1ed7970bdd,n2033,74
nad60bd6674b93fa6,n2034,74
ned6edacea122e509,n2035,74
nf873e1c7c1a54e02,n2036,74
na90e61544258ac52,n2037,74
n928bc5993bf28e53,n2038,74
nb97da2478a9be0ad,n2039,75
nded9c45a2b3994fc,n2040,75
n6b207aa23a848872,n2041,75
n68c6349edbba0919,n2042,75
n7e3af47d10b6b824,n2043,75
n29717f38bbe20117,n2044,75
n7479b254415fbadb,n2045,75
ne65bb5dc8081b3c9,n2046,75
n32b13e6fa754c65c,n2047,75
naba4e5c988223522,n2048,75
n9990a2d9e80e60e9,n2049,75
n1c5290f662ba47a9,n2050,75
nd1c4fd6d959027ef,n2051,75
n3178d1f90e0533c4,n2052,75
n32b00c7d617af778,r32,75
n4a56da52b563cc5d,r33,75
nf89c1a3c94397de5,n2053,75
n2021da0e227ebedb,n2054,76
n3fd6f3c7919e996c,n2055,76
n1fcbff020b25d0ea,n2056,76
n4c3aa80dad838111,n2057,76
n63d974a3c64cc64f,n2058,76
nb1505c14b3117cfa,n2059,76
na72a27d7f074088f,n2060,76
nf3be676e46236c0a,n2061,76
nde46019be87082a8,n2062,76
n4534919cc3d5e563,n2063,76
n7a29730baa30bd63,n2064,76
n9953ca327cf65928,n2065,76
n3fa6d4039b757d07,n2066,76
n5e9255d322473b75,n2067,76
n7dc5f0abab7b0401,n2068,76
n15d9c84502372293,n2069,76
n7f0043474eb6a6c7,r34,76
na4441b2d4651a20b,n2070,76
ndccd5cfd2f5cfeaa,n2071,76
n818e7ff4e97f5a0f,n2072,77
n0eb67902d483af19,n2073,77
n07f843debd2e7f60,n2074,77
ndc6cad2c7f22ae50,n2075,77
n5850ec4e379330d9,n2076,77
n034a8e234fb39539,n2077,77
n6d9d7353c13b22ee,n2078,77
n374717e15a624f71,n2079,77
n5a91b96a95a67996,n2080,78
nbcf2fe1836d3cb6c,n2081,78
n4281de5e61dc03c6,n2082,78
nb4aeaaaa1b2ebad6,n2083,78
n62fded67acf61dc9,n2084,78
n8ac0449ceb09b30b,n2085,78
na400bdf62492f56e,n2086,78
n20d601cbee81a81e,n2087,78
n138d37c3e6a73f14,n2088,78
n008aad4d1c54c599,n2089,78
ne0f08da82229ae7a,n2090,78
nc0e104596dea3c12,n2091,78
n6161276b4df21a56,n2092,78
nd2fa2e59607e0b8b,n2093,78
n2c7d64cd11790d9a,n2094,78
n99506cc67c8f4a6e,n2095,78
n6bee421bd87254b7,n2096,78
nb0ab783bbcd041d6,n2097,78
nb0ca520fd29d1d20,n2098,78
nbc934cda8df02ed8,n2099,78
nb10ce1abd8b88c52,n2100,78
n84a91098eb769eb7,n2101,78
nfd48c769f87e67ae,n2102,79
n663cc7d18bd4ba96,n2103,79
n1325a406a64e49cf,n2104,79
n1905de32c2ac3c0c,n2105,79
nd6b53ed73ad18210,n2106,79
nc6bee3d06a00957a,n2107,79
n9940cb3af02a66e9,n2108,79
n730cd3ae9573c284,n2109,79
ne14acbd5f972aa1b,n2110,79
n73b08574593ae4bc,n2111,79
n7d5e15463a528e68,n2112,79
nbb44285624b09d1c,n2113,79
n85514ab5f9e9c0d1,n2114,79
n9148de1d813f8ba1,n2115,79
nee8fe865417e8e03,n2116,79
n62bfc970353340e8,n2117,79
ne709bb36851aa271,n2118,79
n0a809af2d34fe293,n2119,79
nf4703e8d63f87c37,n2120,79
n0171eef37b23e033,n2121,79
n6c4f2e1293964dbe,r35,79
n5c5d10b4515f3632,r36,79
n2cd2ed2344ff3ff4,r37,79
neee464928e1a93c1,n2122,79
n600e32078f441177,n2123,79
nf9d908351c9675d8,n2124,79
n75c1ca43eae5a8b2,n2125,79
n4b33aa9959202045,n2126,79
n14af3c11f97f2c42,n2127,80
n6fbd040fd3d7ab9d,n2128,80
n516d329fa2c8b8b8,n2129,80
nabfa37a9f270d4e4,n2130,80
n3e0cea004e11f992,n2131,80
nbb7c924015a5afcf,n2132,80
n542b9bde39ab69c7,n2133,80
n7da947199bc4d10d,n2134,80
n1151eaffabcb7de5,n2135,81
n8f6b48eee629a47a,n2136,81
n6b066521854b4a6d,n2137,81
n9cae85ebe544282e,n2138,81
nec2a92869173a6fc,n2139,81
n8aeaa8c6abc9c4c6,n2140,81
nf22321c752066096,n2141,81
na57251dfe15a4132,r38,82
nd0bfcaef4e6426ca,n2142,82
ndef80adfafaccc41,n2143,82
nd477f72490f9363d,n2144,82
n9734697cbc9f8525,n2145,82
n5eda51ffc8a3cc78,n2146,82
ncf03261a00f45d40,r39,82
nf6debe6d567f3326,n2147,82
n4d1a0045fabb0d9e,n2148,82
n6ac8af265cef0ad3,n2149,82
nfb9e263bb72bfdd1,n2150,82
n6a500497cc72e8f9,n2151,83
n4701554699f087d1,n2152,83
na77d1227f9de7e7c,n2153,83
nee273b5b836e7ddf,n2154,83
ncee037893dad7cca,n2155,83
ne8e5b52e123f2e54,n2156,83
nce61db04c706122a,n2157,83
na0ce5c7d35d644ca,n2158,83
n7a0bc8cb7358aadf,n2159,83
n675c9403e735fda9,n2160,83
n1d512a70d7c6f330,n2161,83
nfce9a6b604f3c5e0,n2162,83
n4c32e9b831a9bdde,r40,84
n6375fe6cb4cc349f,n2163,84
n4458f828518a8e27,n2164,84
n616b240ac6f5f7a9,n2165,84
n7fb4c58b1a8b01d6,n2166,84
ncf160e20a12e9b8d,n2167,84
n31fcacb632dd9aeb,n2168,84
n942f960e6b6dd6af,n2169,84
nd6b097594051d2b7,r41,84
n43c1e35b51de2997,n2170,84
n9d6416a734d54eb1,n2171,84
n3b983506452305d4,n2172,84
nd3f1ad163b252da2,n2173,84
nba04111278a162ad,n2174,84
nbaf31ad9a259e6ed,n2175,85
n0812020e67782187,n2176,85
nbf4c5fd7b4c0cb9c,r42,85
n8f0b3ca74288527f,n2177,85
nd53be93ea73932de,n2178,85
n43895dda18f8144a,n2179,85
nd4a2ad1c52270c6d,n2180,85
n9178649115bf59b9,n2181,85
nf70981bf9f16f164,n2182,85
n433d05a9fb14d62c,n2183,85
n3f5f8a2fe00a60e3,r43,85
nd7210c55b6dc6bc6,r44,86
nc39cef8a89d62405,n2184,86
n4c97971e6086a210,n2185,86
n27e4a053023ca246,n2186,86
n5edb298931788f86,n2187,86
n9bf042d10b707bf9,n2188,86
n0f37a5e08a92ab82,r45,86
n15332f0aed041114,n2189,86
n9135178f0eeed1b6,n2190,86
ncd98288c088d2406,n2191,86
nd21eabd93abe8890,n2192,86
n8e1666e042e48224,n2193,87
na1a7d62504f3561d,n2194,87
n0d84e21f90bd6c9d,n2195,87
n1af064b572321caf,n2196,87
n2ed7adb1235b21a6,n2197,87
nc53e0ff1a50de613,n2198,87
nceca18a9b966038a,n2199,87
nc0bef395d953b66b,n2200,87
nc27da806a4171f46,n2201,87
nfc613dd3ec023b4d,n2202,87
n8673f155e3248bb9,n2203,87
na3e860ec6a300d57,n2204,87
n8bcc4064666121f2,r46,88
nff25e8998900682f,n2205,88
n4abb4d011e7797bd,n2206,88
na22c15ef7a7fc1f5,n2207,88
n3a1911e6251b05b3,n2208,88
n48596222ce269938,n2209,88
n137be8f91afc5f24,n2210,88
n22755e6f819f1e65,n2211,88
n0d94ee7682e34d4c,r47,88
nb635f0d8ba9c5119,n2212,88
ne12832a056382e68,n2213,88
n5573f6e7ac8bb155,n2214,88
n2fa9c9933528c527,n2215,88
n1c889020acc60afe,n2216,88
n0d12924d2f8ed282,r48,89
nad3e5c4f9d74e9ad,n2217,89
ne7a5923ddc323e6b,n2218,89
n4d717dc2a3b823fc,n2219,89
ne764d21dc4da1934,n2220,89
n64ead5c4f9db2938,n2221,89
nb380562dd7f2cd27,n2222,89
nec8404a8ef9834b4,n2223,89
na674d68d88587482,r49,89
n4f7318bb7511b68b,n2224,89
nc400dcb8fbe86954,n2225,89
n50d69b83f0077f23,n2226,89
ndf585736895bbff1,n2227,89
na8aeeb6d065f003d,n2228,89
n798273ca30d300b3,r50,90
n0baa2dfb074c621f,n2229,90
nc20a85d8b59bd24c,n2230,90
n7649532216f13b48,n2231,90
nc1852b0998895834,n2232,90
n7d38bb6c87728ede,n2233,90
n58ff7c0aa9bace5a,n2234,90
nc351b3d18c4fc421,n2235,90
nea15217be9b0e368,r51,90
n510563fb41220cd0,n2236,90
nba32c61ae9c2c61f,n2237,90
ndd640e88dbaffbba,n2238,90
nf50b6dc99891e143,n2239,90
n2e02d2cb0e539e0b,n2240,90
nab8e398c5736047e,r52,91
n9ac608063e8dc5f8,n2241,91
n66d87524568fe042,n2242,91
nba8bc51c4fc09bfd,n2243,91
nb9c36767a32430c0,n2244,91
n4b86cc6ea9586431,n2245,91
nc71477b258946bfc,n2246,91
n623fa567df527406,n2247,91
n509f74eaf6e5ce87,r53,91
n159affcf2c6fd2fd,n2248,91
n6c5ba6f7d7f59495,n2249,91
n8c93503e1978c7bd,n2250,91
n5ab04e950b8b7970,n2251,91
n72165fc48ba4db94,n2252,91
n524a75fcca495822,r54,92
n8a6aba9b76e68ca6,n2253,92
n538cc80efaf276d5,n2254,92
ne49230c836f04061,n2255,92
nd8999150cf7b218d,n2256,92
n0d48044602880409,n2257,92
n502c8a81b714c2ae,n2258,92
ne83d5c1304eb5d86,n2259,92
n92912f5c4f0358bb,n2260,92
n6f41c45f8caa8671,n2261,92
n903fff0a60716810,n2262,93
n7d058fff3d3daa68,n2263,93
n023a9e882b826c78,n2264,93
nbbe7f4539bc17c14,n2265,93
nbedfe082cb31bce3,n2266,93
n855c3a90e49a7ba0,n2267,93
ndb176bf4bafbc6d8,n2268,93
n8867c4533ffe7c4e,n2269,93
nda9f5552bc8ecf37,n2270,93
n713c5cdae843dd82,n2271,94
n6ac77eee623e5bee,n2272,94
n5b773d518afa845f,r55,94
nf44e8f2ea47c578d,n2273,94
n9b0be69ab9829ed9,n2274,94
nb8986ffd8b377bce,n2275,94
n1f6e7592f161e844,n2276,94
nb856eae50c0d018e,r56,94
n80dc2b52125aa4f9,n2277,94
n926cd665521c5c44,n2278,95
n464c59ac0c570e53,n2279,95
n83cea49fbc35bda1,n2280,95
