element_id,original_id,tag,carrier,host_or_staff
nabfb9ab928e8e951--tenuto--1,,tenuto,derive,nabfb9ab928e8e951
nabfb9ab928e8e951--arpeggiate--1,n2--arpeggiate--1,arpeggiate,stamp,nabfb9ab928e8e951
nb1fe1d841d164a42--arpeggiate--1,n3--arpeggiate--1,arpeggiate,stamp,nb1fe1d841d164a42
n14ecb9df1b5002df--arpeggiate--1,n4--arpeggiate--1,arpeggiate,stamp,n14ecb9df1b5002df
n72c5580e1551c237--arpeggiate--1,n5--arpeggiate--1,arpeggiate,stamp,n72c5580e1551c237
n81cd9d8696ea79be--tie--1,,tie,derive,n81cd9d8696ea79be
n81cd9d8696ea79be--tied--start--1,n15--tied--start--1,tied,stamp,n81cd9d8696ea79be
ecbf5aa820402f72f,md-1-1-1-1,words,md,1
e71b7a99daefc9fae,md-1-1-2-1,words,md,2
e98386fde8a96c1f3,md-1-1-2-2,words,md,2
nd5152374de69e3c6--tie--1,,tie,derive,nd5152374de69e3c6
nd5152374de69e3c6--tied--stop--1,n28--tied--stop--1,tied,stamp,nd5152374de69e3c6
n1b1bc88738a31b1d--slur--start--1,n31--slur--start--1,slur,stamp,n1b1bc88738a31b1d
ncab6cf1d09fa827c--slur--stop--1,n32--slur--stop--1,slur,stamp,ncab6cf1d09fa827c
nf605cefebefdae14--tie--1,,tie,derive,nf605cefebefdae14
nf605cefebefdae14--tied--start--1,n46--tied--start--1,tied,stamp,nf605cefebefdae14
nf605cefebefdae14--slur--start--1,n46--slur--start--1,slur,stamp,nf605cefebefdae14
nf605cefebefdae14--tenuto--1,,tenuto,derive,nf605cefebefdae14
nfc59baccbe5f3d1a--tie--1,,tie,derive,nfc59baccbe5f3d1a
nfc59baccbe5f3d1a--tied--start--1,n47--tied--start--1,tied,stamp,nfc59baccbe5f3d1a
na028fc36946fe30c--tie--1,,tie,derive,na028fc36946fe30c
na028fc36946fe30c--tied--start--1,n59--tied--start--1,tied,stamp,na028fc36946fe30c
ned454537c5df7d8d--tie--1,,tie,derive,ned454537c5df7d8d
ned454537c5df7d8d--tied--stop--1,n60--tied--stop--1,tied,stamp,ned454537c5df7d8d
n9cdadd204f3a3dc5--tie--1,,tie,derive,n9cdadd204f3a3dc5
n9cdadd204f3a3dc5--tied--stop--1,n61--tied--stop--1,tied,stamp,n9cdadd204f3a3dc5
ne78d7c677e5751f5--tie--1,,tie,derive,ne78d7c677e5751f5
ne78d7c677e5751f5--tied--stop--1,n77--tied--stop--1,tied,stamp,ne78d7c677e5751f5
e536b85e1a78d8eb2,md-1-6-1-1,wedge,md,1
e420beeda36964ab8,md-1-6-1-2,octave-shift,md,1
e337c8fb0a26bcb7d,md-1-6-1-3,wedge,md,1
n92ce6a875d3a7931--slur--stop--1,n98--slur--stop--1,slur,stamp,n92ce6a875d3a7931
n0e522bdeac430dfc--tie--1,,tie,derive,n0e522bdeac430dfc
n0e522bdeac430dfc--tied--start--1,n100--tied--start--1,tied,stamp,n0e522bdeac430dfc
n6e1f52d2a09680b4--tie--1,,tie,derive,n6e1f52d2a09680b4
n6e1f52d2a09680b4--tied--start--1,n101--tied--start--1,tied,stamp,n6e1f52d2a09680b4
e351071a16919c9e3,md-1-7-2-1,wedge,md,2
e3cfbea9145d30bf3,md-1-7-2-2,wedge,md,2
nc95948783d75ea32--tie--1,,tie,derive,nc95948783d75ea32
nc95948783d75ea32--tied--stop--1,n114--tied--stop--1,tied,stamp,nc95948783d75ea32
ndb7ca90f05650688--tie--1,,tie,derive,ndb7ca90f05650688
ndb7ca90f05650688--tied--stop--1,n115--tied--stop--1,tied,stamp,ndb7ca90f05650688
ec26eee4b24c3149d,md-1-8-1-1,wedge,md,1
nb0fcb2f7bc455a78--tie--1,,tie,derive,nb0fcb2f7bc455a78
nb0fcb2f7bc455a78--tied--start--1,n139--tied--start--1,tied,stamp,nb0fcb2f7bc455a78
n144f17b7f640156b--tie--1,,tie,derive,n144f17b7f640156b
n144f17b7f640156b--tied--start--1,n140--tied--start--1,tied,stamp,n144f17b7f640156b
n16975142a9512b19--tie--1,,tie,derive,n16975142a9512b19
n16975142a9512b19--tied--start--1,n147--tied--start--1,tied,stamp,n16975142a9512b19
ea78830eedb70f96d,md-1-9-1-1,wedge,md,1
nc103c8b0cd57bbfa--tie--1,,tie,derive,nc103c8b0cd57bbfa
nc103c8b0cd57bbfa--tied--stop--1,n148--tied--stop--1,tied,stamp,nc103c8b0cd57bbfa
ne81545e894e43a22--tie--1,,tie,derive,ne81545e894e43a22
ne81545e894e43a22--tied--stop--1,n149--tied--stop--1,tied,stamp,ne81545e894e43a22
n1d277d68873b9c81--arpeggiate--1,n159--arpeggiate--1,arpeggiate,stamp,n1d277d68873b9c81
n98574c77bcd3efa2--arpeggiate--1,n160--arpeggiate--1,arpeggiate,stamp,n98574c77bcd3efa2
n50f7b5243aa752be--tie--1,,tie,derive,n50f7b5243aa752be
n50f7b5243aa752be--tied--stop--1,n161--tied--stop--1,tied,stamp,n50f7b5243aa752be
e9437794213ec4198,md-1-10-1-1,words,md,1
e9d9a39a9f2a9290d,md-1-10-1-2,wedge,md,1
ea8f1914e86cd207f,md-1-10-1-3,wedge,md,1
n2f7e48e28a6e2d37--arpeggiate--1,n172--arpeggiate--1,arpeggiate,stamp,n2f7e48e28a6e2d37
nfcdae3b46a6b8bfd--tie--1,,tie,derive,nfcdae3b46a6b8bfd
nfcdae3b46a6b8bfd--tied--start--1,n180--tied--start--1,tied,stamp,nfcdae3b46a6b8bfd
na72d66f5b5a1501a--tie--1,,tie,derive,na72d66f5b5a1501a
na72d66f5b5a1501a--tied--start--1,n181--tied--start--1,tied,stamp,na72d66f5b5a1501a
ecdddc87293de9be1,md-1-11-1-1,octave-shift,md,1
e480d4c90b7720245,md-1-11-2-1,wedge,md,2
n08b624ef11236b7d--tie--1,,tie,derive,n08b624ef11236b7d
n08b624ef11236b7d--tied--stop--1,n186--tied--stop--1,tied,stamp,n08b624ef11236b7d
n2a4bbc6b8955b217--tie--1,,tie,derive,n2a4bbc6b8955b217
n2a4bbc6b8955b217--tied--stop--1,n187--tied--stop--1,tied,stamp,n2a4bbc6b8955b217
e4887e656d9377658,md-1-12-2-1,wedge,md,2
ef569c90fe73d8472,md-1-12-2-2,wedge,md,2
na7f5ac3d2fc571e8--slur--start--1,n198--slur--start--1,slur,stamp,na7f5ac3d2fc571e8
na7f5ac3d2fc571e8--tenuto--1,,tenuto,derive,na7f5ac3d2fc571e8
na7f5ac3d2fc571e8--arpeggiate--1,n198--arpeggiate--1,arpeggiate,stamp,na7f5ac3d2fc571e8
nedaa4eec071a03b1--arpeggiate--1,n199--arpeggiate--1,arpeggiate,stamp,nedaa4eec071a03b1
n828b8ba5e35fccd2--arpeggiate--1,n200--arpeggiate--1,arpeggiate,stamp,n828b8ba5e35fccd2
n96e329e8d444402a--arpeggiate--1,n201--arpeggiate--1,arpeggiate,stamp,n96e329e8d444402a
nf8c25d794ce9ce57--tie--1,,tie,derive,nf8c25d794ce9ce57
nf8c25d794ce9ce57--tied--start--1,n215--tied--start--1,tied,stamp,nf8c25d794ce9ce57
nf8c25d794ce9ce57--slur--start--1,n215--slur--start--1,slur,stamp,nf8c25d794ce9ce57
ee10b94cee2700cfa,md-1-13-1-1,octave-shift,md,1
e961a43eb2c3ad84d,md-1-13-2-1,words,md,2
nb25f0a2c1e4196a6--tie--1,,tie,derive,nb25f0a2c1e4196a6
nb25f0a2c1e4196a6--tied--stop--1,n229--tied--stop--1,tied,stamp,nb25f0a2c1e4196a6
n6688a56716c7a053--slur--stop--1,n231--slur--stop--1,slur,stamp,n6688a56716c7a053
e6cc6010451a2a18a,md-1-14-1-1,octave-shift,md,1
n5b96fac533e5de95--slur--stop--1,n237--slur--stop--1,slur,stamp,n5b96fac533e5de95
n672f7453df9833b7--arpeggiate--1,n244--arpeggiate--1,arpeggiate,stamp,n672f7453df9833b7
naf689d504e90b7c4--slur--start--1,n247--slur--start--1,slur,stamp,naf689d504e90b7c4
n746539d5cada0eae--slur--start--1,n251--slur--start--1,slur,stamp,n746539d5cada0eae
n3455339bdc0e469d--slur--stop--1,n263--slur--stop--1,slur,stamp,n3455339bdc0e469d
n4c2eb154ee4ed56d--tie--1,,tie,derive,n4c2eb154ee4ed56d
n4c2eb154ee4ed56d--tied--start--1,n264--tied--start--1,tied,stamp,n4c2eb154ee4ed56d
n4c2eb154ee4ed56d--slur--start--1,n264--slur--start--1,slur,stamp,n4c2eb154ee4ed56d
n88ea7b39745a6d5f--tie--1,,tie,derive,n88ea7b39745a6d5f
n88ea7b39745a6d5f--tied--stop--1,n278--tied--stop--1,tied,stamp,n88ea7b39745a6d5f
e2b2c30725762bc4b,md-1-17-1-1,wedge,md,1
n4a83b6b75312ec9f--slur--stop--1,n286--slur--stop--1,slur,stamp,n4a83b6b75312ec9f
nf10f2e59c0e4a894--slur--start--1,n292--slur--start--1,slur,stamp,nf10f2e59c0e4a894
na93080b7fe301ad0--slur--stop--1,n293--slur--stop--1,slur,stamp,na93080b7fe301ad0
ne7d20f8b4f82ecb5--slur--stop--1,n298--slur--stop--1,slur,stamp,ne7d20f8b4f82ecb5
n57716e412e7a1008--slur--start--1,n299--slur--start--1,slur,stamp,n57716e412e7a1008
nb16cd5384a2efeba--slur--stop--1,n301--slur--stop--1,slur,stamp,nb16cd5384a2efeba
eb710650c0d1f558a,md-1-18-1-1,wedge,md,1
e39466f704e1495fb,md-1-18-1-2,wedge,md,1
nf034630e374f63cf--staccato--1,,staccato,derive,nf034630e374f63cf
n926121f3d7f2b835--tie--1,,tie,derive,n926121f3d7f2b835
n926121f3d7f2b835--tied--start--1,n312--tied--start--1,tied,stamp,n926121f3d7f2b835
n926121f3d7f2b835--tenuto--1,,tenuto,derive,n926121f3d7f2b835
ne3c44dbeac823f0e--staccato--1,,staccato,derive,ne3c44dbeac823f0e
n0c7c92e757b54039--tie--1,,tie,derive,n0c7c92e757b54039
n0c7c92e757b54039--tied--start--1,n314--tied--start--1,tied,stamp,n0c7c92e757b54039
n91422a25430b3b1f--tie--1,,tie,derive,n91422a25430b3b1f
n91422a25430b3b1f--tied--start--1,n315--tied--start--1,tied,stamp,n91422a25430b3b1f
e1b65a47a61ed09cb,md-1-19-1-1,wedge,md,1
e66c7bddb4afe5f52,md-1-19-1-2,wedge,md,1
n392c5a1d64975995--tie--1,,tie,derive,n392c5a1d64975995
n392c5a1d64975995--tied--stop--1,n327--tied--stop--1,tied,stamp,n392c5a1d64975995
n90e994f279740925--tenuto--1,,tenuto,derive,n90e994f279740925
nbc61849c983111db--tie--1,,tie,derive,nbc61849c983111db
nbc61849c983111db--tied--stop--1,n329--tied--stop--1,tied,stamp,nbc61849c983111db
n19e3d9a511a3b30d--tie--1,,tie,derive,n19e3d9a511a3b30d
n19e3d9a511a3b30d--tied--stop--1,n330--tied--stop--1,tied,stamp,n19e3d9a511a3b30d
n66390cadebb5487b--tie--1,,tie,derive,n66390cadebb5487b
n66390cadebb5487b--tied--start--1,n333--tied--start--1,tied,stamp,n66390cadebb5487b
n94d3e9f6f7e963fb--tie--1,,tie,derive,n94d3e9f6f7e963fb
n94d3e9f6f7e963fb--tied--start--1,n334--tied--start--1,tied,stamp,n94d3e9f6f7e963fb
e5e91b69045f648b8,md-1-20-1-1,wedge,md,1
n4f1baf0d5044446e--tenuto--1,,tenuto,derive,n4f1baf0d5044446e
n70bcda08abc0f07b--tenuto--1,,tenuto,derive,n70bcda08abc0f07b
n9f0b5f636f3fdfb3--tie--1,,tie,derive,n9f0b5f636f3fdfb3
n9f0b5f636f3fdfb3--tied--stop--1,n349--tied--stop--1,tied,stamp,n9f0b5f636f3fdfb3
na8b756dca2454635--tie--1,,tie,derive,na8b756dca2454635
na8b756dca2454635--tied--stop--1,n350--tied--stop--1,tied,stamp,na8b756dca2454635
nbbefba4d6b68a151--tie--1,,tie,derive,nbbefba4d6b68a151
nbbefba4d6b68a151--tied--start--1,n353--tied--start--1,tied,stamp,nbbefba4d6b68a151
n6557a630245294c6--tie--1,,tie,derive,n6557a630245294c6
n6557a630245294c6--tied--start--1,n354--tied--start--1,tied,stamp,n6557a630245294c6
n2870f02cec563325--tenuto--1,,tenuto,derive,n2870f02cec563325
ne73ce7b060381957--tie--1,,tie,derive,ne73ce7b060381957
ne73ce7b060381957--tied--start--1,n368--tied--start--1,tied,stamp,ne73ce7b060381957
ne26b6e8f16fdb03c--tie--1,,tie,derive,ne26b6e8f16fdb03c
ne26b6e8f16fdb03c--tied--stop--1,n369--tied--stop--1,tied,stamp,ne26b6e8f16fdb03c
na2369dcddbbde11e--tie--1,,tie,derive,na2369dcddbbde11e
na2369dcddbbde11e--tied--stop--1,n372--tied--stop--1,tied,stamp,na2369dcddbbde11e
na2369dcddbbde11e--slur--start--1,n372--slur--start--1,slur,stamp,na2369dcddbbde11e
naae96932b7f33d21--tie--1,,tie,derive,naae96932b7f33d21
naae96932b7f33d21--tied--stop--1,n373--tied--stop--1,tied,stamp,naae96932b7f33d21
e77e73eb0946c4a5a,md-1-22-2-1,wedge,md,2
e5d543114479cf0a3,md-1-22-2-2,wedge,md,2
n845c4b0fad896c90--slur--start--1,n390--slur--start--1,slur,stamp,n845c4b0fad896c90
nc6b77915dcf4c57e--slur--stop--1,n391--slur--stop--1,slur,stamp,nc6b77915dcf4c57e
nce503438fe18d871--slur--start--1,n392--slur--start--1,slur,stamp,nce503438fe18d871
nce503438fe18d871--accent--1,,accent,derive,nce503438fe18d871
n7e8c22cc269120d2--slur--stop--1,n393--slur--stop--1,slur,stamp,n7e8c22cc269120d2
n23c503eb96406997--slur--stop--1,n394--slur--stop--1,slur,stamp,n23c503eb96406997
nc0cd5110f2c81381--slur--start--1,n398--slur--start--1,slur,stamp,nc0cd5110f2c81381
n9d7ee8884cfdbd84--slur--stop--1,n399--slur--stop--1,slur,stamp,n9d7ee8884cfdbd84
ed0ef7d0c9799a618,md-1-23-1-1,wedge,md,1
ncb16e492338de0cf--slur--start--1,n400--slur--start--1,slur,stamp,ncb16e492338de0cf
n83ff3eb038bc9d37--tie--1,,tie,derive,n83ff3eb038bc9d37
n83ff3eb038bc9d37--tied--start--1,n412--tied--start--1,tied,stamp,n83ff3eb038bc9d37
n7f4e3430fc018c78--tie--1,,tie,derive,n7f4e3430fc018c78
n7f4e3430fc018c78--tied--stop--1,n413--tied--stop--1,tied,stamp,n7f4e3430fc018c78
nb02474cf97562e98--slur--start--1,n415--slur--start--1,slur,stamp,nb02474cf97562e98
n909a67face7722ac--slur--stop--1,n416--slur--stop--1,slur,stamp,n909a67face7722ac
n64d13df851a842c6--slur--start--1,n417--slur--start--1,slur,stamp,n64d13df851a842c6
ne3eec99d28ac98ad--slur--stop--1,n419--slur--stop--1,slur,stamp,ne3eec99d28ac98ad
ne1c474a7de3a49f4--tie--1,,tie,derive,ne1c474a7de3a49f4
ne1c474a7de3a49f4--tied--start--1,n421--tied--start--1,tied,stamp,ne1c474a7de3a49f4
n98612de883cbb737--tie--1,,tie,derive,n98612de883cbb737
n98612de883cbb737--tied--stop--1,n422--tied--stop--1,tied,stamp,n98612de883cbb737
eb487f83f1cdcf7fe,md-1-24-1-1,wedge,md,1
e168a26088949d1c8,md-1-24-1-2,wedge,md,1
nf2669b682e31f0e2--slur--stop--1,n424--slur--stop--1,slur,stamp,nf2669b682e31f0e2
n2a05a529abd6f366--tie--1,,tie,derive,n2a05a529abd6f366
n2a05a529abd6f366--tied--start--1,n425--tied--start--1,tied,stamp,n2a05a529abd6f366
n2a05a529abd6f366--slur--start--1,n425--slur--start--1,slur,stamp,n2a05a529abd6f366
nb8086dae8769808e--tie--1,,tie,derive,nb8086dae8769808e
nb8086dae8769808e--tied--start--1,n426--tied--start--1,tied,stamp,nb8086dae8769808e
n94306fba82121c3b--arpeggiate--1,n428--arpeggiate--1,arpeggiate,stamp,n94306fba82121c3b
n5dde12ce36f862a8--arpeggiate--1,n429--arpeggiate--1,arpeggiate,stamp,n5dde12ce36f862a8
n868047f0d29be84e--arpeggiate--1,n430--arpeggiate--1,arpeggiate,stamp,n868047f0d29be84e
na2443442b9343cc1--tie--1,,tie,derive,na2443442b9343cc1
na2443442b9343cc1--tied--start--1,n440--tied--start--1,tied,stamp,na2443442b9343cc1
e88bf5442ef2acb28,md-1-25-1-1,words,md,1
n93e9b281e89037f0--tie--1,,tie,derive,n93e9b281e89037f0
n93e9b281e89037f0--tied--stop--1,n441--tied--stop--1,tied,stamp,n93e9b281e89037f0
n3ba944e28b4579dd--tie--1,,tie,derive,n3ba944e28b4579dd
n3ba944e28b4579dd--tied--stop--1,n442--tied--stop--1,tied,stamp,n3ba944e28b4579dd
n04c35f1023016815--tie--1,,tie,derive,n04c35f1023016815
n04c35f1023016815--tied--stop--1,n458--tied--stop--1,tied,stamp,n04c35f1023016815
n824b2a32e9bbb903--tie--1,,tie,derive,n824b2a32e9bbb903
n824b2a32e9bbb903--tied--start--1,n459--tied--start--1,tied,stamp,n824b2a32e9bbb903
nc7800386b4431171--tie--1,,tie,derive,nc7800386b4431171
nc7800386b4431171--tied--stop--1,n470--tied--stop--1,tied,stamp,nc7800386b4431171
n05b0022a16381e46--slur--stop--1,n481--slur--stop--1,slur,stamp,n05b0022a16381e46
n847e5ce086992163--tie--1,,tie,derive,n847e5ce086992163
n847e5ce086992163--tied--start--1,n485--tied--start--1,tied,stamp,n847e5ce086992163
n847e5ce086992163--slur--start--1,n485--slur--start--1,slur,stamp,n847e5ce086992163
n35ad2d9a6bdca134--tie--1,,tie,derive,n35ad2d9a6bdca134
n35ad2d9a6bdca134--tied--start--1,n486--tied--start--1,tied,stamp,n35ad2d9a6bdca134
n84e01023e8e193aa--tie--1,,tie,derive,n84e01023e8e193aa
n84e01023e8e193aa--tied--start--1,n498--tied--start--1,tied,stamp,n84e01023e8e193aa
e987637b20b57f6d0,md-1-28-1-1,wedge,md,1
nf4f51ee279c342a5--tie--1,,tie,derive,nf4f51ee279c342a5
nf4f51ee279c342a5--tied--stop--1,n499--tied--stop--1,tied,stamp,nf4f51ee279c342a5
nda3b7d947f889716--tie--1,,tie,derive,nda3b7d947f889716
nda3b7d947f889716--tied--stop--1,n500--tied--stop--1,tied,stamp,nda3b7d947f889716
n8b3e5035766107ea--tie--1,,tie,derive,n8b3e5035766107ea
n8b3e5035766107ea--tied--stop--1,n516--tied--stop--1,tied,stamp,n8b3e5035766107ea
e111c5848707874e8,md-1-29-1-1,octave-shift,md,1
n0df9a27320fcc35e--tie--1,,tie,derive,n0df9a27320fcc35e
n0df9a27320fcc35e--tied--start--1,n534--tied--start--1,tied,stamp,n0df9a27320fcc35e
e5960bf86f335da42,md-1-30-1-1,wedge,md,1
n31a9bed48c7e327d--slur--stop--1,n538--slur--stop--1,slur,stamp,n31a9bed48c7e327d
na2098c965ca401ce--tie--1,,tie,derive,na2098c965ca401ce
na2098c965ca401ce--tied--start--1,n542--tied--start--1,tied,stamp,na2098c965ca401ce
naa1e012ba17e3f03--tie--1,,tie,derive,naa1e012ba17e3f03
naa1e012ba17e3f03--tied--start--1,n543--tied--start--1,tied,stamp,naa1e012ba17e3f03
n95bbe115e050caa6--tie--1,,tie,derive,n95bbe115e050caa6
n95bbe115e050caa6--tied--stop--1,n545--tied--stop--1,tied,stamp,n95bbe115e050caa6
nd8671fef77cd488b--tie--1,,tie,derive,nd8671fef77cd488b
nd8671fef77cd488b--tied--start--1,n553--tied--start--1,tied,stamp,nd8671fef77cd488b
nd15b6bfba544dd8e--slur--start--1,n554--slur--start--1,slur,stamp,nd15b6bfba544dd8e
nd15b6bfba544dd8e--accent--1,,accent,derive,nd15b6bfba544dd8e
e88dedec916fd6249,md-1-31-1-1,dynamics,md,1
e99f742c7a91a6d3c,md-1-31-1-2,wedge,md,1
eaf5c384dea6a1060,md-1-31-2-1,wedge,md,2
ee7185b859bce5f99,md-1-31-2-2,wedge,md,2
n6862cd9c8ccfa938--tie--1,,tie,derive,n6862cd9c8ccfa938
n6862cd9c8ccfa938--tied--stop--1,n556--tied--stop--1,tied,stamp,n6862cd9c8ccfa938
nb07a3b5759ca2cbd--tie--1,,tie,derive,nb07a3b5759ca2cbd
nb07a3b5759ca2cbd--tied--stop--1,n557--tied--stop--1,tied,stamp,nb07a3b5759ca2cbd
n0457124bd12a44e7--tie--1,,tie,derive,n0457124bd12a44e7
n0457124bd12a44e7--tied--start--1,n559--tied--start--1,tied,stamp,n0457124bd12a44e7
ncfc2248229b17011--tie--1,,tie,derive,ncfc2248229b17011
ncfc2248229b17011--tied--start--1,n560--tied--start--1,tied,stamp,ncfc2248229b17011
nd58df5989affa481--tie--1,,tie,derive,nd58df5989affa481
nd58df5989affa481--tied--stop--1,n561--tied--stop--1,tied,stamp,nd58df5989affa481
nd58df5989affa481--staccato--1,,staccato,derive,nd58df5989affa481
n45c3f3bea5d6e67b--slur--stop--1,n572--slur--stop--1,slur,stamp,n45c3f3bea5d6e67b
n45c3f3bea5d6e67b--slur--start--2,n572--slur--start--2,slur,stamp,n45c3f3bea5d6e67b
n45c3f3bea5d6e67b--accent--1,,accent,derive,n45c3f3bea5d6e67b
e291428af48eff048,md-1-32-1-1,wedge,md,1
e05c3b0c00a34225c,md-1-32-2-1,wedge,md,2
eec580b5ff3e2608a,md-1-32-2-2,wedge,md,2
nee613f3b04da70fc--tie--1,,tie,derive,nee613f3b04da70fc
nee613f3b04da70fc--tied--stop--1,n574--tied--stop--1,tied,stamp,nee613f3b04da70fc
n2007be09cefb8542--tie--1,,tie,derive,n2007be09cefb8542
n2007be09cefb8542--tied--stop--1,n575--tied--stop--1,tied,stamp,n2007be09cefb8542
ne068b5e7183b94d7--tie--1,,tie,derive,ne068b5e7183b94d7
ne068b5e7183b94d7--tied--start--1,n577--tied--start--1,tied,stamp,ne068b5e7183b94d7
n8fe2af3fb58d41dc--tie--1,,tie,derive,n8fe2af3fb58d41dc
n8fe2af3fb58d41dc--tied--start--1,n578--tied--start--1,tied,stamp,n8fe2af3fb58d41dc
n9e76c3cf6aef7d4e--staccato--1,,staccato,derive,n9e76c3cf6aef7d4e
nc259037eaafb63e1--slur--start--1,n582--slur--start--1,slur,stamp,nc259037eaafb63e1
nc31923364bcd6f95--tie--1,,tie,derive,nc31923364bcd6f95
nc31923364bcd6f95--tied--start--1,n589--tied--start--1,tied,stamp,nc31923364bcd6f95
n24ccbac98d8b04f7--slur--stop--1,n590--slur--stop--1,slur,stamp,n24ccbac98d8b04f7
ea6b13868cf6120a1,md-1-33-1-1,wedge,md,1
e6b7aac16fad910f0,md-1-33-1-2,octave-shift,md,1
e4a5e7425365caea8,md-1-33-2-1,wedge,md,2
e1af91440abf35ed2,md-1-33-2-2,wedge,md,2
n2206d7374771dbf5--tie--1,,tie,derive,n2206d7374771dbf5
n2206d7374771dbf5--tied--stop--1,n592--tied--stop--1,tied,stamp,n2206d7374771dbf5
nf81e144898228eb7--tie--1,,tie,derive,nf81e144898228eb7
nf81e144898228eb7--tied--stop--1,n593--tied--stop--1,tied,stamp,nf81e144898228eb7
nf69cad9586d8c438--tie--1,,tie,derive,nf69cad9586d8c438
nf69cad9586d8c438--tied--start--1,n595--tied--start--1,tied,stamp,nf69cad9586d8c438
n037bf96a692a8a18--tie--1,,tie,derive,n037bf96a692a8a18
n037bf96a692a8a18--tied--start--1,n596--tied--start--1,tied,stamp,n037bf96a692a8a18
n84f171a719ffdc2c--tie--1,,tie,derive,n84f171a719ffdc2c
n84f171a719ffdc2c--tied--stop--1,n597--tied--stop--1,tied,stamp,n84f171a719ffdc2c
n84f171a719ffdc2c--slur--stop--1,n597--slur--stop--1,slur,stamp,n84f171a719ffdc2c
n6251044850ec68b3--slur--start--1,n607--slur--start--1,slur,stamp,n6251044850ec68b3
n264bc5b44475bc0a--tie--1,,tie,derive,n264bc5b44475bc0a
n264bc5b44475bc0a--tied--start--1,n608--tied--start--1,tied,stamp,n264bc5b44475bc0a
n264bc5b44475bc0a--slur--stop--1,n608--slur--stop--1,slur,stamp,n264bc5b44475bc0a
ne4e0444ede9256cf--tie--1,,tie,derive,ne4e0444ede9256cf
ne4e0444ede9256cf--tied--stop--1,n609--tied--stop--1,tied,stamp,ne4e0444ede9256cf
nd75faffe0668e946--tie--1,,tie,derive,nd75faffe0668e946
nd75faffe0668e946--tied--stop--1,n610--tied--stop--1,tied,stamp,nd75faffe0668e946
n4c3e2ba0a1c68fe1--tie--1,,tie,derive,n4c3e2ba0a1c68fe1
n4c3e2ba0a1c68fe1--tied--start--1,n611--tied--start--1,tied,stamp,n4c3e2ba0a1c68fe1
nb49b48c8e9ad194e--tie--1,,tie,derive,nb49b48c8e9ad194e
nb49b48c8e9ad194e--tied--start--1,n612--tied--start--1,tied,stamp,nb49b48c8e9ad194e
n82dc15e5e31f14ba--slur--start--1,n613--slur--start--1,slur,stamp,n82dc15e5e31f14ba
n703b6ed68c68d6aa--slur--stop--1,n615--slur--stop--1,slur,stamp,n703b6ed68c68d6aa
n2a37d7f7a78ced87--slur--start--1,n617--slur--start--1,slur,stamp,n2a37d7f7a78ced87
n9aa8a6742ea2835e--slur--stop--1,n619--slur--stop--1,slur,stamp,n9aa8a6742ea2835e
nead6af49b9453c14--tie--1,,tie,derive,nead6af49b9453c14
nead6af49b9453c14--tied--stop--1,n621--tied--stop--1,tied,stamp,nead6af49b9453c14
nacc2d3b112c52921--tie--1,,tie,derive,nacc2d3b112c52921
nacc2d3b112c52921--tied--stop--1,n624--tied--stop--1,tied,stamp,nacc2d3b112c52921
n25f518fa3ee541a5--tie--1,,tie,derive,n25f518fa3ee541a5
n25f518fa3ee541a5--tied--stop--1,n625--tied--stop--1,tied,stamp,n25f518fa3ee541a5
nfbd7210a89498310--slur--start--1,n628--slur--start--1,slur,stamp,nfbd7210a89498310
nd697d974c5cececc--slur--stop--1,n630--slur--stop--1,slur,stamp,nd697d974c5cececc
n159158c379e9544f--slur--start--1,n632--slur--start--1,slur,stamp,n159158c379e9544f
nb068a6a569e09fb5--slur--stop--1,n634--slur--stop--1,slur,stamp,nb068a6a569e09fb5
naba3764d9f3d606a--tenuto--1,,tenuto,derive,naba3764d9f3d606a
e9e09f0c5fce17a84,md-1-36-1-1,wedge,md,1
n4f9854a6bab935c5--slur--start--1,n638--slur--start--1,slur,stamp,n4f9854a6bab935c5
n4f9854a6bab935c5--staccato--1,,staccato,derive,n4f9854a6bab935c5
n28d32354aaa7313d--staccato--1,,staccato,derive,n28d32354aaa7313d
nd3112322f14ea162--staccato--1,,staccato,derive,nd3112322f14ea162
nf3af8556468df6c6--staccato--1,,staccato,derive,nf3af8556468df6c6
n58dc940adc303538--staccato--1,,staccato,derive,n58dc940adc303538
n64106d03552ed559--staccato--1,,staccato,derive,n64106d03552ed559
n2c1e348fa80fbfd2--slur--start--1,n654--slur--start--1,slur,stamp,n2c1e348fa80fbfd2
n2c1e348fa80fbfd2--staccato--1,,staccato,derive,n2c1e348fa80fbfd2
nce43b707644823fa--staccato--1,,staccato,derive,nce43b707644823fa
na9bc96e205fd9b72--staccato--1,,staccato,derive,na9bc96e205fd9b72
n8e66021bf3b7cd1a--staccato--1,,staccato,derive,n8e66021bf3b7cd1a
n6efcd710d86bbf25--staccato--1,,staccato,derive,n6efcd710d86bbf25
nd9c3c8cbf5c56959--staccato--1,,staccato,derive,nd9c3c8cbf5c56959
ec82293d06026e11e,md-1-37-1-1,words,md,1
e0ab11ec568424281,md-1-37-1-2,words,md,1
ndecca9fc6e1cf415--staccato--1,,staccato,derive,ndecca9fc6e1cf415
nd13fe53153625812--staccato--1,,staccato,derive,nd13fe53153625812
nb3225f794a1f724f--staccato--1,,staccato,derive,nb3225f794a1f724f
n3a07d4cd3ff8f58f--staccato--1,,staccato,derive,n3a07d4cd3ff8f58f
n4dad64c4cb5a2f51--staccato--1,,staccato,derive,n4dad64c4cb5a2f51
n474ecb11181176e5--slur--stop--1,n684--slur--stop--1,slur,stamp,n474ecb11181176e5
n474ecb11181176e5--staccato--1,,staccato,derive,n474ecb11181176e5
n4a9d3a2535b63651--staccato--1,,staccato,derive,n4a9d3a2535b63651
n2fac6d7625d69151--staccato--1,,staccato,derive,n2fac6d7625d69151
n8a01c21a73eb3415--staccato--1,,staccato,derive,n8a01c21a73eb3415
n2391dcfe3936d2b6--staccato--1,,staccato,derive,n2391dcfe3936d2b6
n8ee797a4b426b9dd--staccato--1,,staccato,derive,n8ee797a4b426b9dd
n973042f7181a4e30--slur--stop--1,n692--slur--stop--1,slur,stamp,n973042f7181a4e30
n973042f7181a4e30--staccato--1,,staccato,derive,n973042f7181a4e30
n620d00ac403ab2a5--slur--start--1,n716--slur--start--1,slur,stamp,n620d00ac403ab2a5
n3df1df7fdbd7f8ec--accent--1,,accent,derive,n3df1df7fdbd7f8ec
n7bec72dd6d2ca9a9--slur--start--1,n719--slur--start--1,slur,stamp,n7bec72dd6d2ca9a9
e0244170ac7c719af,md-1-39-2-1,wedge,md,2
e1345993112ac2526,md-1-39-2-2,wedge,md,2
nef1ce87e4c4e26c3--slur--start--1,n735--slur--start--1,slur,stamp,nef1ce87e4c4e26c3
n858f30e860e2444c--slur--stop--1,n737--slur--stop--1,slur,stamp,n858f30e860e2444c
n858f30e860e2444c--staccatissimo--1,,staccatissimo,derive,n858f30e860e2444c
ndce071646f045725--slur--start--1,n740--slur--start--1,slur,stamp,ndce071646f045725
ndce071646f045725--staccato--1,,staccato,derive,ndce071646f045725
n69edcc96b4826d03--staccato--1,,staccato,derive,n69edcc96b4826d03
n98e0f9ec699a1bcf--staccato--1,,staccato,derive,n98e0f9ec699a1bcf
nc888ccfac280f7e4--slur--stop--1,n748--slur--stop--1,slur,stamp,nc888ccfac280f7e4
nc888ccfac280f7e4--staccato--1,,staccato,derive,nc888ccfac280f7e4
n9a604c093f482694--slur--stop--1,n749--slur--stop--1,slur,stamp,n9a604c093f482694
nfedbd6a34ee7ec4a--tie--1,,tie,derive,nfedbd6a34ee7ec4a
nfedbd6a34ee7ec4a--tied--start--1,n753--tied--start--1,tied,stamp,nfedbd6a34ee7ec4a
n84037c7ac75020a9--staccato--1,,staccato,derive,n84037c7ac75020a9
n9d121089bdd2e190--slur--start--1,n755--slur--start--1,slur,stamp,n9d121089bdd2e190
nd8ab3bdf240012e4--slur--stop--1,n756--slur--stop--1,slur,stamp,nd8ab3bdf240012e4
nd8ab3bdf240012e4--staccatissimo--1,,staccatissimo,derive,nd8ab3bdf240012e4
n924a2c81b4befa54--slur--start--1,n758--slur--start--1,slur,stamp,n924a2c81b4befa54
n924a2c81b4befa54--staccato--1,,staccato,derive,n924a2c81b4befa54
n3329025be1e31c23--staccato--1,,staccato,derive,n3329025be1e31c23
ne822c9ac792ce5e1--staccato--1,,staccato,derive,ne822c9ac792ce5e1
ncf67777e8fc024e2--staccato--1,,staccato,derive,ncf67777e8fc024e2
nbc7f7afb793cedee--staccato--1,,staccato,derive,nbc7f7afb793cedee
nfb55c2142542ad05--staccato--1,,staccato,derive,nfb55c2142542ad05
nc8c21b242d34633f--staccato--1,,staccato,derive,nc8c21b242d34633f
n741f042f9981801d--slur--stop--1,n774--slur--stop--1,slur,stamp,n741f042f9981801d
n741f042f9981801d--staccatissimo--1,,staccatissimo,derive,n741f042f9981801d
n51a2bd624ac33708--tie--1,,tie,derive,n51a2bd624ac33708
n51a2bd624ac33708--tied--stop--1,n780--tied--stop--1,tied,stamp,n51a2bd624ac33708
nff9eb6516c1578dd--staccato--1,,staccato,derive,nff9eb6516c1578dd
nc3c86df4adaebba3--staccato--1,,staccato,derive,nc3c86df4adaebba3
n1f1bde9d6f3c3ee8--staccato--1,,staccato,derive,n1f1bde9d6f3c3ee8
ncddf41af2559d5e0--staccato--1,,staccato,derive,ncddf41af2559d5e0
n648e8b605bb7dc33--slur--stop--1,n793--slur--stop--1,slur,stamp,n648e8b605bb7dc33
n648e8b605bb7dc33--staccatissimo--1,,staccatissimo,derive,n648e8b605bb7dc33
nfcbd9e474f0d5d5b--slur--start--1,n809--slur--start--1,slur,stamp,nfcbd9e474f0d5d5b
n397eac9cfd2aaf70--accent--1,,accent,derive,n397eac9cfd2aaf70
n43df3a6864d4c531--slur--start--1,n812--slur--start--1,slur,stamp,n43df3a6864d4c531
nae2305367768c5b4--accent--1,,accent,derive,nae2305367768c5b4
n0b6dae50fcac4605--slur--stop--1,n838--slur--stop--1,slur,stamp,n0b6dae50fcac4605
nb56d621680ca2c58--slur--start--1,n839--slur--start--1,slur,stamp,nb56d621680ca2c58
nb56d621680ca2c58--staccato--1,,staccato,derive,nb56d621680ca2c58
nf24e1109f2cb481d--staccato--1,,staccato,derive,nf24e1109f2cb481d
nc48670d53ebe187a--staccato--1,,staccato,derive,nc48670d53ebe187a
n0bac2e8671ac4f1a--staccato--1,,staccato,derive,n0bac2e8671ac4f1a
nb2c03d990df22b43--staccato--1,,staccato,derive,nb2c03d990df22b43
nbb7808a6863f1a4c--slur--stop--1,n844--slur--stop--1,slur,stamp,nbb7808a6863f1a4c
nc57ca2cfa86c4abb--slur--start--1,n845--slur--start--1,slur,stamp,nc57ca2cfa86c4abb
nc57ca2cfa86c4abb--staccato--1,,staccato,derive,nc57ca2cfa86c4abb
ne24e68c9bb9f4a39--staccato--1,,staccato,derive,ne24e68c9bb9f4a39
n11d85d0195114b42--staccato--1,,staccato,derive,n11d85d0195114b42
n0d6a987f523f56fd--staccato--1,,staccato,derive,n0d6a987f523f56fd
nb4b45ee3b532840f--staccato--1,,staccato,derive,nb4b45ee3b532840f
e548bcbffd930a722,md-1-43-1-1,words,md,1
e87eed0ae3430b437,md-1-43-1-2,words,md,1
n480dd0967e912134--slur--stop--1,n866--slur--stop--1,slur,stamp,n480dd0967e912134
n480dd0967e912134--staccato--1,,staccato,derive,n480dd0967e912134
neddb241cd000b623--slur--start--1,n867--slur--start--1,slur,stamp,neddb241cd000b623
neddb241cd000b623--staccato--1,,staccato,derive,neddb241cd000b623
nb1bec023fbc23a71--staccato--1,,staccato,derive,nb1bec023fbc23a71
n96484a6a9f601d1f--staccato--1,,staccato,derive,n96484a6a9f601d1f
nbc1a52e4fcb11d9c--staccato--1,,staccato,derive,nbc1a52e4fcb11d9c
nbb0f33a1a98e13eb--staccato--1,,staccato,derive,nbb0f33a1a98e13eb
n8e226e99f7761445--slur--stop--1,n872--slur--stop--1,slur,stamp,n8e226e99f7761445
n8e226e99f7761445--staccato--1,,staccato,derive,n8e226e99f7761445
n908a133fb49ef0c9--slur--start--1,n874--slur--start--1,slur,stamp,n908a133fb49ef0c9
n908a133fb49ef0c9--staccato--1,,staccato,derive,n908a133fb49ef0c9
ne8b14a9a34d2e03f--staccato--1,,staccato,derive,ne8b14a9a34d2e03f
n3893600900eb44f9--staccato--1,,staccato,derive,n3893600900eb44f9
n912ac2d4df89475a--staccato--1,,staccato,derive,n912ac2d4df89475a
n8a5aa7a8da3db8b0--staccato--1,,staccato,derive,n8a5aa7a8da3db8b0
ed3ab0946b53bda8f,md-1-44-1-1,words,md,1
n486bdbac82aff4d5--slur--start--1,n886--slur--start--1,slur,stamp,n486bdbac82aff4d5
n486bdbac82aff4d5--staccato--1,,staccato,derive,n486bdbac82aff4d5
nbb4ef265b2e4e3e2--staccato--1,,staccato,derive,nbb4ef265b2e4e3e2
n54205d23b897c7af--staccato--1,,staccato,derive,n54205d23b897c7af
n40c6aff9d84b019b--staccato--1,,staccato,derive,n40c6aff9d84b019b
n4d5399a378441ac9--staccato--1,,staccato,derive,n4d5399a378441ac9
nc6d000d321efb618--slur--stop--1,n905--slur--stop--1,slur,stamp,nc6d000d321efb618
nc6d000d321efb618--staccato--1,,staccato,derive,nc6d000d321efb618
ndcab88ac15bf93aa--slur--stop--1,n906--slur--stop--1,slur,stamp,ndcab88ac15bf93aa
ndcab88ac15bf93aa--staccato--1,,staccato,derive,ndcab88ac15bf93aa
n1781fb09d27d1fd6--slur--start--1,n908--slur--start--1,slur,stamp,n1781fb09d27d1fd6
n1781fb09d27d1fd6--staccato--1,,staccato,derive,n1781fb09d27d1fd6
n6110374ac727a490--staccato--1,,staccato,derive,n6110374ac727a490
nc86a30bc89b2673d--staccato--1,,staccato,derive,nc86a30bc89b2673d
n91bc273746823976--staccato--1,,staccato,derive,n91bc273746823976
n377485a0f8ca232f--staccato--1,,staccato,derive,n377485a0f8ca232f
n4b0d3714b94266b9--slur--stop--1,n918--slur--stop--1,slur,stamp,n4b0d3714b94266b9
n4b0d3714b94266b9--slur--start--2,n918--slur--start--2,slur,stamp,n4b0d3714b94266b9
n4b0d3714b94266b9--staccato--1,,staccato,derive,n4b0d3714b94266b9
n3958626279e2730a--staccato--1,,staccato,derive,n3958626279e2730a
n1a0c06856f40e1f8--staccato--1,,staccato,derive,n1a0c06856f40e1f8
necbc29405ef007a1--staccato--1,,staccato,derive,necbc29405ef007a1
nf8121f650a23aa15--staccato--1,,staccato,derive,nf8121f650a23aa15
ne066249379c37ec3--slur--stop--1,n935--slur--stop--1,slur,stamp,ne066249379c37ec3
ne066249379c37ec3--staccato--1,,staccato,derive,ne066249379c37ec3
nb8aa8b6a7ed87096--slur--stop--1,n939--slur--stop--1,slur,stamp,nb8aa8b6a7ed87096
nb8aa8b6a7ed87096--slur--start--2,n939--slur--start--2,slur,stamp,nb8aa8b6a7ed87096
nb8aa8b6a7ed87096--staccato--1,,staccato,derive,nb8aa8b6a7ed87096
n9fb2a5d20056de4b--staccato--1,,staccato,derive,n9fb2a5d20056de4b
n479d4db894b87486--staccato--1,,staccato,derive,n479d4db894b87486
n8a90a578f6c61a0a--staccato--1,,staccato,derive,n8a90a578f6c61a0a
naea15c8840ac9cd2--staccato--1,,staccato,derive,naea15c8840ac9cd2
nd9dea4d009d59588--slur--stop--1,n949--slur--stop--1,slur,stamp,nd9dea4d009d59588
nd9dea4d009d59588--staccato--1,,staccato,derive,nd9dea4d009d59588
ed988a5cbbc9d990c,md-1-46-2-1,wedge,md,2
e760a58dc863a5e7b,md-1-46-2-2,wedge,md,2
n6e3128ef0c326b3e--tie--1,,tie,derive,n6e3128ef0c326b3e
n6e3128ef0c326b3e--tied--start--1,n961--tied--start--1,tied,stamp,n6e3128ef0c326b3e
nb4d9a2d745426746--tie--1,,tie,derive,nb4d9a2d745426746
nb4d9a2d745426746--tied--start--1,n962--tied--start--1,tied,stamp,nb4d9a2d745426746
n1469258ade1f82f0--tie--1,,tie,derive,n1469258ade1f82f0
n1469258ade1f82f0--tied--stop--1,n964--tied--stop--1,tied,stamp,n1469258ade1f82f0
n5a2f5ebb1c0aa398--tie--1,,tie,derive,n5a2f5ebb1c0aa398
n5a2f5ebb1c0aa398--tied--start--1,n967--tied--start--1,tied,stamp,n5a2f5ebb1c0aa398
e0410f00adedc1582,md-1-47-1-1,wedge,md,1
ec7edd6b2558420e9,md-1-47-1-2,wedge,md,1
ndb9762229209f6df--tie--1,,tie,derive,ndb9762229209f6df
ndb9762229209f6df--tied--stop--1,n968--tied--stop--1,tied,stamp,ndb9762229209f6df
nd80ea60faf9ba1f8--tie--1,,tie,derive,nd80ea60faf9ba1f8
nd80ea60faf9ba1f8--tied--stop--1,n969--tied--stop--1,tied,stamp,nd80ea60faf9ba1f8
n3669d10f85c2ff08--tie--1,,tie,derive,n3669d10f85c2ff08
n3669d10f85c2ff08--tied--start--1,n986--tied--start--1,tied,stamp,n3669d10f85c2ff08
nbc591afaa7792e34--tie--1,,tie,derive,nbc591afaa7792e34
nbc591afaa7792e34--tied--start--1,n995--tied--start--1,tied,stamp,nbc591afaa7792e34
n544b6c015d5173fe--tie--1,,tie,derive,n544b6c015d5173fe
n544b6c015d5173fe--tied--start--1,n996--tied--start--1,tied,stamp,n544b6c015d5173fe
nb100ecb736522bd0--tie--1,,tie,derive,nb100ecb736522bd0
nb100ecb736522bd0--tie--2,,tie,derive,nb100ecb736522bd0
nb100ecb736522bd0--tied--stop--1,n997--tied--stop--1,tied,stamp,nb100ecb736522bd0
nb100ecb736522bd0--tied--start--2,n997--tied--start--2,tied,stamp,nb100ecb736522bd0
n6522573b4a807fd4--tie--1,,tie,derive,n6522573b4a807fd4
n6522573b4a807fd4--tied--stop--1,n998--tied--stop--1,tied,stamp,n6522573b4a807fd4
e33fa1ac9485df774,md-1-49-1-1,wedge,md,1
e3f0ce15ea97ee57d,md-1-49-1-2,wedge,md,1
nc1ae2c689697e280--tie--1,,tie,derive,nc1ae2c689697e280
nc1ae2c689697e280--tied--stop--1,n1002--tied--stop--1,tied,stamp,nc1ae2c689697e280
n03236f8b70a78953--tie--1,,tie,derive,n03236f8b70a78953
n03236f8b70a78953--tied--stop--1,n1003--tied--stop--1,tied,stamp,n03236f8b70a78953
ncc2f2742e6a0df6a--accent--1,,accent,derive,ncc2f2742e6a0df6a
n82bc006485d682f0--tie--1,,tie,derive,n82bc006485d682f0
n82bc006485d682f0--tied--start--1,n1020--tied--start--1,tied,stamp,n82bc006485d682f0
eb62a0a6d12919193,md-1-50-1-1,wedge,md,1
e65da620f1bbb0cf8,md-1-50-1-2,wedge,md,1
n94775827c2f91905--slur--start--1,n1023--slur--start--1,slur,stamp,n94775827c2f91905
n94775827c2f91905--staccato--1,,staccato,derive,n94775827c2f91905
n6ef2a1bba2149f3e--staccato--1,,staccato,derive,n6ef2a1bba2149f3e
n5edb75a24045e2c0--staccato--1,,staccato,derive,n5edb75a24045e2c0
nc8cb27b8a4369384--staccato--1,,staccato,derive,nc8cb27b8a4369384
n931d32619db2f782--slur--stop--1,n1034--slur--stop--1,slur,stamp,n931d32619db2f782
n931d32619db2f782--staccato--1,,staccato,derive,n931d32619db2f782
n20a47ff48d3256fb--slur--start--1,n1037--slur--start--1,slur,stamp,n20a47ff48d3256fb
n20a47ff48d3256fb--staccato--1,,staccato,derive,n20a47ff48d3256fb
n71cab3cf02599f03--staccato--1,,staccato,derive,n71cab3cf02599f03
n632b5eb46afe7609--staccato--1,,staccato,derive,n632b5eb46afe7609
n1b20579340e4a46c--staccato--1,,staccato,derive,n1b20579340e4a46c
n65b762f09a35656d--slur--stop--1,n1048--slur--stop--1,slur,stamp,n65b762f09a35656d
n65b762f09a35656d--staccato--1,,staccato,derive,n65b762f09a35656d
n5ccb3423145480ef--tie--1,,tie,derive,n5ccb3423145480ef
n5ccb3423145480ef--tied--stop--1,n1050--tied--stop--1,tied,stamp,n5ccb3423145480ef
e41667716e8ccaba2,md-1-51-1-1,wedge,md,1
nf8915b58c2c7651e--slur--start--1,n1051--slur--start--1,slur,stamp,nf8915b58c2c7651e
nf8915b58c2c7651e--staccato--1,,staccato,derive,nf8915b58c2c7651e
n91898068dc384764--staccato--1,,staccato,derive,n91898068dc384764
n3584b1f454fc2879--staccato--1,,staccato,derive,n3584b1f454fc2879
nacb3e5cf5c06fb87--staccato--1,,staccato,derive,nacb3e5cf5c06fb87
na20ec8a90061a468--staccato--1,,staccato,derive,na20ec8a90061a468
nd7437fe368c8df21--slur--stop--1,n1064--slur--stop--1,slur,stamp,nd7437fe368c8df21
nd7437fe368c8df21--staccato--1,,staccato,derive,nd7437fe368c8df21
nd17aa6a72e2ee746--slur--start--1,n1066--slur--start--1,slur,stamp,nd17aa6a72e2ee746
nd17aa6a72e2ee746--staccato--1,,staccato,derive,nd17aa6a72e2ee746
n61c3eab41bd10c69--staccato--1,,staccato,derive,n61c3eab41bd10c69
n4ac44cf281e5f4a2--staccato--1,,staccato,derive,n4ac44cf281e5f4a2
na7138c2f99b32bb1--staccato--1,,staccato,derive,na7138c2f99b32bb1
n488e81d668f68ea4--staccato--1,,staccato,derive,n488e81d668f68ea4
nac8e28902995b067--slur--stop--1,n1080--slur--stop--1,slur,stamp,nac8e28902995b067
nac8e28902995b067--staccato--1,,staccato,derive,nac8e28902995b067
nf6057e50f2ca92bf--tie--1,,tie,derive,nf6057e50f2ca92bf
nf6057e50f2ca92bf--tied--start--1,n1083--tied--start--1,tied,stamp,nf6057e50f2ca92bf
nf6057e50f2ca92bf--slur--start--1,n1083--slur--start--1,slur,stamp,nf6057e50f2ca92bf
nd37bac15355a77f8--tie--1,,tie,derive,nd37bac15355a77f8
nd37bac15355a77f8--tied--stop--1,n1085--tied--stop--1,tied,stamp,nd37bac15355a77f8
nd37bac15355a77f8--slur--stop--1,n1085--slur--stop--1,slur,stamp,nd37bac15355a77f8
n21aa44733e516523--slur--start--1,n1087--slur--start--1,slur,stamp,n21aa44733e516523
n8f30f39cf28d021c--slur--stop--1,n1088--slur--stop--1,slur,stamp,n8f30f39cf28d021c
nd82bbded2088925f--accent--1,,accent,derive,nd82bbded2088925f
n94321134a71079c4--slur--start--1,n1098--slur--start--1,slur,stamp,n94321134a71079c4
n35b8ee00d9b5acc4--slur--stop--1,n1099--slur--stop--1,slur,stamp,n35b8ee00d9b5acc4
n79ad7cbe82273b3c--slur--start--1,n1100--slur--start--1,slur,stamp,n79ad7cbe82273b3c
n5c0dee5b3473a38e--slur--stop--1,n1101--slur--stop--1,slur,stamp,n5c0dee5b3473a38e
n57c9dd3a9ed22043--accent--1,,accent,derive,n57c9dd3a9ed22043
n53705a0d53c2ba43--slur--start--1,n1115--slur--start--1,slur,stamp,n53705a0d53c2ba43
n270d638964f8eb11--slur--stop--1,n1118--slur--stop--1,slur,stamp,n270d638964f8eb11
n270d638964f8eb11--staccatissimo--1,,staccatissimo,derive,n270d638964f8eb11
n8bcceb334793eb44--slur--start--1,n1133--slur--start--1,slur,stamp,n8bcceb334793eb44
n8bcceb334793eb44--arpeggiate--1,n1133--arpeggiate--1,arpeggiate,stamp,n8bcceb334793eb44
n7f8be25711f6ad76--arpeggiate--1,n1134--arpeggiate--1,arpeggiate,stamp,n7f8be25711f6ad76
n11f149aef59af9a9--arpeggiate--1,n1135--arpeggiate--1,arpeggiate,stamp,n11f149aef59af9a9
ncbcf043f445b0fef--arpeggiate--1,n1136--arpeggiate--1,arpeggiate,stamp,ncbcf043f445b0fef
nb19a8839a6f39a00--slur--stop--1,n1137--slur--stop--1,slur,stamp,nb19a8839a6f39a00
nb19a8839a6f39a00--staccatissimo--1,,staccatissimo,derive,nb19a8839a6f39a00
n9e6a1ad421b47037--slur--start--1,n1158--slur--start--1,slur,stamp,n9e6a1ad421b47037
nd2719d88dca03148--slur--stop--1,n1160--slur--stop--1,slur,stamp,nd2719d88dca03148
n771752bc58fe1ee3--slur--start--1,n1173--slur--start--1,slur,stamp,n771752bc58fe1ee3
n21324ebb76ae95c7--slur--stop--1,n1175--slur--stop--1,slur,stamp,n21324ebb76ae95c7
eacf45e5764183671,md-1-55-1-1,wedge,md,1
n34118a8dae29c95e--tie--1,,tie,derive,n34118a8dae29c95e
n34118a8dae29c95e--tied--start--1,n1181--tied--start--1,tied,stamp,n34118a8dae29c95e
n34118a8dae29c95e--slur--start--1,n1181--slur--start--1,slur,stamp,n34118a8dae29c95e
nb510883ffb4a72b2--tie--1,,tie,derive,nb510883ffb4a72b2
nb510883ffb4a72b2--tied--stop--1,n1183--tied--stop--1,tied,stamp,nb510883ffb4a72b2
nb510883ffb4a72b2--slur--stop--1,n1183--slur--stop--1,slur,stamp,nb510883ffb4a72b2
n84de7a1fac6d6b13--slur--start--1,n1185--slur--start--1,slur,stamp,n84de7a1fac6d6b13
nf8a19d75a6b863bf--slur--stop--1,n1186--slur--stop--1,slur,stamp,nf8a19d75a6b863bf
nf8a19d75a6b863bf--strong-accent--1,,strong-accent,derive,nf8a19d75a6b863bf
n3741aa9248739100--slur--start--1,n1187--slur--start--1,slur,stamp,n3741aa9248739100
n3741aa9248739100--strong-accent--1,,strong-accent,derive,n3741aa9248739100
n3741aa9248739100--staccato--1,,staccato,derive,n3741aa9248739100
n0e55da25caea4464--slur--stop--1,n1190--slur--stop--1,slur,stamp,n0e55da25caea4464
n0e55da25caea4464--staccato--1,,staccato,derive,n0e55da25caea4464
nd6cc8ccaa85d31e2--strong-accent--1,,strong-accent,derive,nd6cc8ccaa85d31e2
n30d8aad894018f4b--strong-accent--1,,strong-accent,derive,n30d8aad894018f4b
n01eee00b085f8bd6--slur--start--1,n1195--slur--start--1,slur,stamp,n01eee00b085f8bd6
n82298645ec86e596--slur--stop--1,n1196--slur--stop--1,slur,stamp,n82298645ec86e596
n92cf5943a947dd6f--slur--start--1,n1197--slur--start--1,slur,stamp,n92cf5943a947dd6f
n5886c8c79fbfa8b5--slur--stop--1,n1198--slur--stop--1,slur,stamp,n5886c8c79fbfa8b5
nceac102927936df9--slur--start--1,n1199--slur--start--1,slur,stamp,nceac102927936df9
nceac102927936df9--staccato--1,,staccato,derive,nceac102927936df9
nceac102927936df9--strong-accent--1,,strong-accent,derive,nceac102927936df9
n80c55c094bb25a10--slur--stop--1,n1202--slur--stop--1,slur,stamp,n80c55c094bb25a10
n80c55c094bb25a10--staccato--1,,staccato,derive,n80c55c094bb25a10
n02e93f4a057e7ec2--slur--start--1,n1212--slur--start--1,slur,stamp,n02e93f4a057e7ec2
n02e93f4a057e7ec2--staccato--1,,staccato,derive,n02e93f4a057e7ec2
n0765d305dc2fbf37--staccato--1,,staccato,derive,n0765d305dc2fbf37
ne9b3c2177833c3e2--staccato--1,,staccato,derive,ne9b3c2177833c3e2
n2e71ce84215d2dde--staccato--1,,staccato,derive,n2e71ce84215d2dde
ne83d223708ce714a--slur--stop--1,n1224--slur--stop--1,slur,stamp,ne83d223708ce714a
ne83d223708ce714a--staccato--1,,staccato,derive,ne83d223708ce714a
nbb8da47948ec51ad--slur--start--1,n1229--slur--start--1,slur,stamp,nbb8da47948ec51ad
nbb8da47948ec51ad--staccato--1,,staccato,derive,nbb8da47948ec51ad
n6a3471713706a62d--staccato--1,,staccato,derive,n6a3471713706a62d
n60469188a141a02d--staccato--1,,staccato,derive,n60469188a141a02d
nff66aab7ab0a6bf3--staccato--1,,staccato,derive,nff66aab7ab0a6bf3
na6bdbd4578157ab1--slur--stop--1,n1237--slur--stop--1,slur,stamp,na6bdbd4578157ab1
na6bdbd4578157ab1--staccato--1,,staccato,derive,na6bdbd4578157ab1
e720c93e3638d39e7,md-1-57-1-1,dynamics,md,1
n73952ad2a06cc160--staccato--1,,staccato,derive,n73952ad2a06cc160
n66b9413bad65739b--slur--start--1,n1242--slur--start--1,slur,stamp,n66b9413bad65739b
n66b9413bad65739b--staccato--1,,staccato,derive,n66b9413bad65739b
n9bd85c37ca61b12e--staccato--1,,staccato,derive,n9bd85c37ca61b12e
ne4d84ff0b069997c--staccato--1,,staccato,derive,ne4d84ff0b069997c
nf0ced90f9b85f088--staccato--1,,staccato,derive,nf0ced90f9b85f088
n722a919d99eba3fc--slur--stop--1,n1254--slur--stop--1,slur,stamp,n722a919d99eba3fc
n722a919d99eba3fc--staccato--1,,staccato,derive,n722a919d99eba3fc
nca30328d9e99febd--slur--start--1,n1257--slur--start--1,slur,stamp,nca30328d9e99febd
nca30328d9e99febd--staccato--1,,staccato,derive,nca30328d9e99febd
n564613381d5d7682--staccato--1,,staccato,derive,n564613381d5d7682
n5aed19eb60220c1f--staccato--1,,staccato,derive,n5aed19eb60220c1f
ne6005a1d75fc3b5f--staccato--1,,staccato,derive,ne6005a1d75fc3b5f
nf347e3de14bf6225--staccato--1,,staccato,derive,nf347e3de14bf6225
naf955d2685dbb001--slur--stop--1,n1267--slur--stop--1,slur,stamp,naf955d2685dbb001
naf955d2685dbb001--staccato--1,,staccato,derive,naf955d2685dbb001
n0fbbf13a5279d491--staccato--1,,staccato,derive,n0fbbf13a5279d491
n80c7d00f6f0c4849--slur--start--1,n1272--slur--start--1,slur,stamp,n80c7d00f6f0c4849
n80c7d00f6f0c4849--staccato--1,,staccato,derive,n80c7d00f6f0c4849
na29272cd390bd33d--staccato--1,,staccato,derive,na29272cd390bd33d
n9f0c12c44834fe58--staccato--1,,staccato,derive,n9f0c12c44834fe58
n514bceb87031670a--staccato--1,,staccato,derive,n514bceb87031670a
n47e8860ac757143e--slur--stop--1,n1288--slur--stop--1,slur,stamp,n47e8860ac757143e
n47e8860ac757143e--staccato--1,,staccato,derive,n47e8860ac757143e
nb0553daa0d96c5ac--staccato--1,,staccato,derive,nb0553daa0d96c5ac
n0d12364a7435d7f1--slur--start--1,n1294--slur--start--1,slur,stamp,n0d12364a7435d7f1
n0d12364a7435d7f1--staccato--1,,staccato,derive,n0d12364a7435d7f1
ndaa140abb1dc3ceb--staccato--1,,staccato,derive,ndaa140abb1dc3ceb
n26e10f845718fdac--staccato--1,,staccato,derive,n26e10f845718fdac
n26b0f30ae235b89b--staccato--1,,staccato,derive,n26b0f30ae235b89b
n85554cb5bf9843f4--slur--stop--1,n1302--slur--stop--1,slur,stamp,n85554cb5bf9843f4
n85554cb5bf9843f4--staccato--1,,staccato,derive,n85554cb5bf9843f4
n064447775a572986--staccato--1,,staccato,derive,n064447775a572986
n4e030fadc3c1dea8--slur--start--1,n1307--slur--start--1,slur,stamp,n4e030fadc3c1dea8
n4e030fadc3c1dea8--staccato--1,,staccato,derive,n4e030fadc3c1dea8
nfdd4fa41a0e5e431--staccato--1,,staccato,derive,nfdd4fa41a0e5e431
n51107f8617ab0ea2--staccato--1,,staccato,derive,n51107f8617ab0ea2
n41c3f98e682651ff--staccato--1,,staccato,derive,n41c3f98e682651ff
n3e0738e94a1bdd39--slur--stop--1,n1319--slur--stop--1,slur,stamp,n3e0738e94a1bdd39
n3e0738e94a1bdd39--staccato--1,,staccato,derive,n3e0738e94a1bdd39
ne5fff668756db665--staccato--1,,staccato,derive,ne5fff668756db665
n8629634a4e315f2e--slur--start--1,n1324--slur--start--1,slur,stamp,n8629634a4e315f2e
n8629634a4e315f2e--staccato--1,,staccato,derive,n8629634a4e315f2e
n17ef76ff10b4ccf4--staccato--1,,staccato,derive,n17ef76ff10b4ccf4
n197c8e9aa5e42493--staccato--1,,staccato,derive,n197c8e9aa5e42493
nb2ac48884571331a--staccato--1,,staccato,derive,nb2ac48884571331a
n4ff7393189e4dbc9--slur--stop--1,n1336--slur--stop--1,slur,stamp,n4ff7393189e4dbc9
n4ff7393189e4dbc9--staccato--1,,staccato,derive,n4ff7393189e4dbc9
e070780a256a0cc33,md-1-60-1-1,wedge,md,1
ed75bb6df02f90b6b,md-1-60-1-2,words,md,1
n4d9c6b6740bee2aa--staccato--1,,staccato,derive,n4d9c6b6740bee2aa
nf7ec29539b6bde39--slur--start--1,n1342--slur--start--1,slur,stamp,nf7ec29539b6bde39
nf7ec29539b6bde39--staccato--1,,staccato,derive,nf7ec29539b6bde39
nf119f651cfffd587--staccato--1,,staccato,derive,nf119f651cfffd587
n4dcf06231bc90a04--staccato--1,,staccato,derive,n4dcf06231bc90a04
n19096b3e3f8d0565--staccato--1,,staccato,derive,n19096b3e3f8d0565
nd9971b73071998f9--slur--stop--1,n1354--slur--stop--1,slur,stamp,nd9971b73071998f9
nd9971b73071998f9--staccato--1,,staccato,derive,nd9971b73071998f9
n5a369b923fc265b2--staccato--1,,staccato,derive,n5a369b923fc265b2
n088f5b50a174ef2c--slur--start--1,n1359--slur--start--1,slur,stamp,n088f5b50a174ef2c
n088f5b50a174ef2c--staccato--1,,staccato,derive,n088f5b50a174ef2c
n212c0b2bac38b7ba--staccato--1,,staccato,derive,n212c0b2bac38b7ba
n4d829ae39823da04--staccato--1,,staccato,derive,n4d829ae39823da04
n86c04952dfa331cd--staccato--1,,staccato,derive,n86c04952dfa331cd
nbed5374e0c53c25b--slur--stop--1,n1371--slur--stop--1,slur,stamp,nbed5374e0c53c25b
nbed5374e0c53c25b--staccato--1,,staccato,derive,nbed5374e0c53c25b
ed68dcf36743cbf17,md-1-61-1-1,wedge,md,1
n41cb0c2daf9ba2ed--staccato--1,,staccato,derive,n41cb0c2daf9ba2ed
n74ac04cd6250a76b--slur--start--1,n1377--slur--start--1,slur,stamp,n74ac04cd6250a76b
n74ac04cd6250a76b--staccato--1,,staccato,derive,n74ac04cd6250a76b
n608d07ed8719b97a--staccato--1,,staccato,derive,n608d07ed8719b97a
n8d137ffd07d5d975--staccato--1,,staccato,derive,n8d137ffd07d5d975
nf960e2fe49674841--staccato--1,,staccato,derive,nf960e2fe49674841
n4ab0abf03e56764a--slur--stop--1,n1389--slur--stop--1,slur,stamp,n4ab0abf03e56764a
n4ab0abf03e56764a--staccato--1,,staccato,derive,n4ab0abf03e56764a
ne8ffc47c7dede85f--staccato--1,,staccato,derive,ne8ffc47c7dede85f
n7b9ad53c88879543--slur--start--1,n1394--slur--start--1,slur,stamp,n7b9ad53c88879543
n7b9ad53c88879543--staccato--1,,staccato,derive,n7b9ad53c88879543
nbae38ce4439f6e9c--staccato--1,,staccato,derive,nbae38ce4439f6e9c
n0069dd1e7a62018d--staccato--1,,staccato,derive,n0069dd1e7a62018d
n50456110aa336918--staccato--1,,staccato,derive,n50456110aa336918
n78671124687f90d5--slur--stop--1,n1406--slur--stop--1,slur,stamp,n78671124687f90d5
n78671124687f90d5--staccato--1,,staccato,derive,n78671124687f90d5
ef3407536416a95c7,md-1-62-1-1,dynamics,md,1
ed7ca60b40bc07ab7,md-1-62-1-2,wedge,md,1
n2f6ab48f01bd7c49--staccato--1,,staccato,derive,n2f6ab48f01bd7c49
nbe0be376545b93cc--slur--start--1,n1412--slur--start--1,slur,stamp,nbe0be376545b93cc
nbe0be376545b93cc--staccato--1,,staccato,derive,nbe0be376545b93cc
n9b7fe7bc544938ae--staccato--1,,staccato,derive,n9b7fe7bc544938ae
nafcd0f4c7a210aa5--staccato--1,,staccato,derive,nafcd0f4c7a210aa5
ne66031f004b2916b--staccato--1,,staccato,derive,ne66031f004b2916b
n85f1d3def967cdbd--slur--stop--1,n1428--slur--stop--1,slur,stamp,n85f1d3def967cdbd
n85f1d3def967cdbd--staccato--1,,staccato,derive,n85f1d3def967cdbd
n33aefa72b7f4d654--staccato--1,,staccato,derive,n33aefa72b7f4d654
n7cdfbe8ce092a1aa--slur--start--1,n1435--slur--start--1,slur,stamp,n7cdfbe8ce092a1aa
n7cdfbe8ce092a1aa--staccato--1,,staccato,derive,n7cdfbe8ce092a1aa
n8eadab0ca8703303--staccato--1,,staccato,derive,n8eadab0ca8703303
nb7af901cc18eaff3--staccato--1,,staccato,derive,nb7af901cc18eaff3
nfab48c8f2bad0666--staccato--1,,staccato,derive,nfab48c8f2bad0666
n7bd2521107616fa8--slur--stop--1,n1451--slur--stop--1,slur,stamp,n7bd2521107616fa8
n7bd2521107616fa8--staccato--1,,staccato,derive,n7bd2521107616fa8
e63efabb3a5b02b75,md-1-63-1-1,octave-shift,md,1
ne4260bd5aca51c71--staccato--1,,staccato,derive,ne4260bd5aca51c71
nfea56a9779492433--slur--start--1,n1458--slur--start--1,slur,stamp,nfea56a9779492433
nfea56a9779492433--staccato--1,,staccato,derive,nfea56a9779492433
nf54bd97443ef76f9--staccato--1,,staccato,derive,nf54bd97443ef76f9
n11c039d3c122351f--staccato--1,,staccato,derive,n11c039d3c122351f
nfa16c3581ab42162--staccato--1,,staccato,derive,nfa16c3581ab42162
naa834aa2a0665184--slur--stop--1,n1470--slur--stop--1,slur,stamp,naa834aa2a0665184
naa834aa2a0665184--staccato--1,,staccato,derive,naa834aa2a0665184
n08bcaa8b4c2be2c9--staccato--1,,staccato,derive,n08bcaa8b4c2be2c9
n713ce463a32d013a--slur--start--1,n1476--slur--start--1,slur,stamp,n713ce463a32d013a
n713ce463a32d013a--staccato--1,,staccato,derive,n713ce463a32d013a
n071669d8425554b4--staccato--1,,staccato,derive,n071669d8425554b4
n824f9791655a1600--staccato--1,,staccato,derive,n824f9791655a1600
n441e6e341d0b6996--staccato--1,,staccato,derive,n441e6e341d0b6996
nd756b45a228757ef--slur--stop--1,n1488--slur--stop--1,slur,stamp,nd756b45a228757ef
nd756b45a228757ef--staccato--1,,staccato,derive,nd756b45a228757ef
ead4c94d5f091ffc4,md-1-64-1-1,wedge,md,1
n82f24d2477a81d91--slur--start--1,n1491--slur--start--1,slur,stamp,n82f24d2477a81d91
n9a6c9bfad3483e11--accent--1,,accent,derive,n9a6c9bfad3483e11
nb0f8cba1716cd73e--tie--1,,tie,derive,nb0f8cba1716cd73e
nb0f8cba1716cd73e--tied--start--1,n1511--tied--start--1,tied,stamp,nb0f8cba1716cd73e
nb0f8cba1716cd73e--accent--1,,accent,derive,nb0f8cba1716cd73e
n57e3d0661abcf36a--tie--1,,tie,derive,n57e3d0661abcf36a
n57e3d0661abcf36a--tied--start--1,n1512--tied--start--1,tied,stamp,n57e3d0661abcf36a
ne365a605f0d9d265--tie--1,,tie,derive,ne365a605f0d9d265
ne365a605f0d9d265--tied--start--1,n1513--tied--start--1,tied,stamp,ne365a605f0d9d265
n6d09cba650975f47--tie--1,,tie,derive,n6d09cba650975f47
n6d09cba650975f47--tied--start--1,n1514--tied--start--1,tied,stamp,n6d09cba650975f47
e3ccdb53f2b827498,md-1-65-1-1,dynamics,md,1
nc135c7e7ff4e2a8e--slur--stop--1,n1525--slur--stop--1,slur,stamp,nc135c7e7ff4e2a8e
n8fa38f687fe461ed--tie--1,,tie,derive,n8fa38f687fe461ed
n8fa38f687fe461ed--tied--stop--1,n1527--tied--stop--1,tied,stamp,n8fa38f687fe461ed
n0c89ae58d3b39592--tie--1,,tie,derive,n0c89ae58d3b39592
n0c89ae58d3b39592--tied--stop--1,n1528--tied--stop--1,tied,stamp,n0c89ae58d3b39592
nae8a3c16954729e8--tie--1,,tie,derive,nae8a3c16954729e8
nae8a3c16954729e8--tied--stop--1,n1529--tied--stop--1,tied,stamp,nae8a3c16954729e8
n8f3cb96f405f8a92--tie--1,,tie,derive,n8f3cb96f405f8a92
n8f3cb96f405f8a92--tied--stop--1,n1530--tied--stop--1,tied,stamp,n8f3cb96f405f8a92
n137562cabf1c823d--accent--1,,accent,derive,n137562cabf1c823d
n142ddd8bed669e8a--staccatissimo--1,,staccatissimo,derive,n142ddd8bed669e8a
e26e17c7ab63b4c9f,md-1-66-1-1,octave-shift,md,1
n95e0f998a74021fd--slur--start--1,n1539--slur--start--1,slur,stamp,n95e0f998a74021fd
n9e5852d9d5a8f90b--tie--1,,tie,derive,n9e5852d9d5a8f90b
n9e5852d9d5a8f90b--tied--start--1,n1556--tied--start--1,tied,stamp,n9e5852d9d5a8f90b
n2a28f76a66d8ef6b--tie--1,,tie,derive,n2a28f76a66d8ef6b
n2a28f76a66d8ef6b--tied--start--1,n1557--tied--start--1,tied,stamp,n2a28f76a66d8ef6b
nb106d728644cd360--tie--1,,tie,derive,nb106d728644cd360
nb106d728644cd360--tied--start--1,n1558--tied--start--1,tied,stamp,nb106d728644cd360
nbd57463bf6d86697--tie--1,,tie,derive,nbd57463bf6d86697
nbd57463bf6d86697--tied--start--1,n1559--tied--start--1,tied,stamp,nbd57463bf6d86697
n1e8025e04cd7a2e7--slur--stop--1,n1570--slur--stop--1,slur,stamp,n1e8025e04cd7a2e7
ne875222295ef8398--tie--1,,tie,derive,ne875222295ef8398
ne875222295ef8398--tied--stop--1,n1572--tied--stop--1,tied,stamp,ne875222295ef8398
nfc65591261f08fe8--tie--1,,tie,derive,nfc65591261f08fe8
nfc65591261f08fe8--tied--stop--1,n1573--tied--stop--1,tied,stamp,nfc65591261f08fe8
n248978c8f7c52aab--tie--1,,tie,derive,n248978c8f7c52aab
n248978c8f7c52aab--tied--stop--1,n1574--tied--stop--1,tied,stamp,n248978c8f7c52aab
n3500bbe5747829fa--tie--1,,tie,derive,n3500bbe5747829fa
n3500bbe5747829fa--tied--stop--1,n1575--tied--stop--1,tied,stamp,n3500bbe5747829fa
nde707bdaea5e7b0d--staccatissimo--1,,staccatissimo,derive,nde707bdaea5e7b0d
n12152ad233753ede--slur--start--1,n1584--slur--start--1,slur,stamp,n12152ad233753ede
n46d4a030925d1563--slur--stop--1,n1595--slur--stop--1,slur,stamp,n46d4a030925d1563
e14db8e13a8f0fc81,md-1-69-1-1,wedge,md,1
e53ade85cf74b3de3,md-1-69-1-2,wedge,md,1
ed8bb5927e6eb503b,md-1-69-1-3,dynamics,md,1
n088dece18d38ca30--slur--start--1,n1606--slur--start--1,slur,stamp,n088dece18d38ca30
nb1dd41bfc81f46bc--slur--stop--1,n1617--slur--stop--1,slur,stamp,nb1dd41bfc81f46bc
e6d24da40886c62e1,md-1-70-1-1,words,md,1
e9ec0f9d77ca50cfd,md-1-70-1-2,wedge,md,1
e74d9eb930d32c093,md-1-70-1-3,wedge,md,1
e0e12d053d306f2e2,md-1-70-1-4,dynamics,md,1
eb459d8bc0be5ccc7,md-1-70-1-5,words,md,1
n5eb2901fa3d1cf0e--slur--start--1,n1628--slur--start--1,slur,stamp,n5eb2901fa3d1cf0e
n5eb2901fa3d1cf0e--accent--1,,accent,derive,n5eb2901fa3d1cf0e
n4e95cfbb97d09197--slur--stop--1,n1638--slur--stop--1,slur,stamp,n4e95cfbb97d09197
e2ff27926cf2eef24,md-1-71-1-1,words,md,1
n5a0777b6ef02d963--slur--start--1,n1653--slur--start--1,slur,stamp,n5a0777b6ef02d963
n5a0777b6ef02d963--accent--1,,accent,derive,n5a0777b6ef02d963
n3c31b86820339c3a--slur--stop--1,n1663--slur--stop--1,slur,stamp,n3c31b86820339c3a
ndb8ae0a34452ff62--tie--1,,tie,derive,ndb8ae0a34452ff62
ndb8ae0a34452ff62--tied--start--1,n1665--tied--start--1,tied,stamp,ndb8ae0a34452ff62
n1136b48077534142--tie--1,,tie,derive,n1136b48077534142
n1136b48077534142--tied--start--1,n1666--tied--start--1,tied,stamp,n1136b48077534142
n3493e14b5d6570cf--tie--1,,tie,derive,n3493e14b5d6570cf
n3493e14b5d6570cf--tied--start--1,n1667--tied--start--1,tied,stamp,n3493e14b5d6570cf
n33f2656b32745530--tie--1,,tie,derive,n33f2656b32745530
n33f2656b32745530--tied--stop--1,n1668--tied--stop--1,tied,stamp,n33f2656b32745530
nd87cbb2f82271652--tie--1,,tie,derive,nd87cbb2f82271652
nd87cbb2f82271652--tied--stop--1,n1669--tied--stop--1,tied,stamp,nd87cbb2f82271652
n0378d52ed0241f2b--tie--1,,tie,derive,n0378d52ed0241f2b
n0378d52ed0241f2b--tied--stop--1,n1670--tied--stop--1,tied,stamp,n0378d52ed0241f2b
n312c39d96b850230--slur--start--1,n1679--slur--start--1,slur,stamp,n312c39d96b850230
n312c39d96b850230--accent--1,,accent,derive,n312c39d96b850230
n95480159a7e2ebff--slur--stop--1,n1689--slur--stop--1,slur,stamp,n95480159a7e2ebff
n4f1f1f24f84f2c54--slur--start--1,n1704--slur--start--1,slur,stamp,n4f1f1f24f84f2c54
nbebb226dd16e9ee3--slur--stop--1,n1714--slur--stop--1,slur,stamp,nbebb226dd16e9ee3
n8622a20103c68661--tie--1,,tie,derive,n8622a20103c68661
n8622a20103c68661--tied--start--1,n1716--tied--start--1,tied,stamp,n8622a20103c68661
n452bdf5719e108a8--tie--1,,tie,derive,n452bdf5719e108a8
n452bdf5719e108a8--tied--start--1,n1717--tied--start--1,tied,stamp,n452bdf5719e108a8
na802f5f1922f52a0--tie--1,,tie,derive,na802f5f1922f52a0
na802f5f1922f52a0--tied--start--1,n1718--tied--start--1,tied,stamp,na802f5f1922f52a0
nb6c69f86f8b977f0--tie--1,,tie,derive,nb6c69f86f8b977f0
nb6c69f86f8b977f0--tied--stop--1,n1719--tied--stop--1,tied,stamp,nb6c69f86f8b977f0
n00b0d5b806de5175--tie--1,,tie,derive,n00b0d5b806de5175
n00b0d5b806de5175--tied--stop--1,n1720--tied--stop--1,tied,stamp,n00b0d5b806de5175
nd8352eed4e772af6--tie--1,,tie,derive,nd8352eed4e772af6
nd8352eed4e772af6--tied--stop--1,n1721--tied--stop--1,tied,stamp,nd8352eed4e772af6
n14f82b6034cdcf17--accent--1,,accent,derive,n14f82b6034cdcf17
nc8f74c9385477b00--slur--start--1,n1730--slur--start--1,slur,stamp,nc8f74c9385477b00
n7ce31377c9ea3b40--slur--stop--1,n1740--slur--stop--1,slur,stamp,n7ce31377c9ea3b40
nfecaebf61a65787f--slur--start--1,n1755--slur--start--1,slur,stamp,nfecaebf61a65787f
n705dd8226dbd6e90--slur--stop--1,n1765--slur--stop--1,slur,stamp,n705dd8226dbd6e90
n63d974a3c64cc64f--tie--1,,tie,derive,n63d974a3c64cc64f
n63d974a3c64cc64f--tied--start--1,n1766--tied--start--1,tied,stamp,n63d974a3c64cc64f
n0938eaac79f9e747--tie--1,,tie,derive,n0938eaac79f9e747
n0938eaac79f9e747--tied--start--1,n1767--tied--start--1,tied,stamp,n0938eaac79f9e747
nbe1c6eda527771ce--tie--1,,tie,derive,nbe1c6eda527771ce
nbe1c6eda527771ce--tied--start--1,n1768--tied--start--1,tied,stamp,nbe1c6eda527771ce
n66bde7a56440bafa--tie--1,,tie,derive,n66bde7a56440bafa
n66bde7a56440bafa--tied--start--1,n1769--tied--start--1,tied,stamp,n66bde7a56440bafa
nd65c6db83782149a--tie--1,,tie,derive,nd65c6db83782149a
nd65c6db83782149a--tied--stop--1,n1770--tied--stop--1,tied,stamp,nd65c6db83782149a
na4441b2d4651a20b--tie--1,,tie,derive,na4441b2d4651a20b
na4441b2d4651a20b--tied--stop--1,n1771--tied--stop--1,tied,stamp,na4441b2d4651a20b
n5600c8f794530f2d--tie--1,,tie,derive,n5600c8f794530f2d
n5600c8f794530f2d--tied--stop--1,n1772--tied--stop--1,tied,stamp,n5600c8f794530f2d
n919669ae6376d6ce--tie--1,,tie,derive,n919669ae6376d6ce
n919669ae6376d6ce--tied--stop--1,n1773--tied--stop--1,tied,stamp,n919669ae6376d6ce
ef1e5b00bd3747540,md-1-76-1-1,wedge,md,1
naa5ca0e165dfd4a7--slur--start--1,n1781--slur--start--1,slur,stamp,naa5ca0e165dfd4a7
nb2c9aab04be7f1a9--slur--stop--1,n1791--slur--stop--1,slur,stamp,nb2c9aab04be7f1a9
n5a91b96a95a67996--slur--start--1,n1806--slur--start--1,slur,stamp,n5a91b96a95a67996
nec47d961e48a5e75--slur--stop--1,n1816--slur--stop--1,slur,stamp,nec47d961e48a5e75
n7674c2db06473628--slur--start--1,n1825--slur--start--1,slur,stamp,n7674c2db06473628
n4a89fc04c43134a5--accent--1,,accent,derive,n4a89fc04c43134a5
e2e755d1d969b2ed5,md-1-79-2-1,bracket,md,2
n0b3e1652cb76dad7--slur--stop--1,n1834--slur--stop--1,slur,stamp,n0b3e1652cb76dad7
neaed9ea1fe77ed02--slur--start--1,n1835--slur--start--1,slur,stamp,neaed9ea1fe77ed02
n416c13e534c6c5fc--accent--1,,accent,derive,n416c13e534c6c5fc
n4b6afe7cbb4ecadb--slur--stop--1,n1842--slur--stop--1,slur,stamp,n4b6afe7cbb4ecadb
e070bbcce0520f687,md-1-80-2-1,wedge,md,2
ef00be9139b2a6b79,md-1-80-2-2,wedge,md,2
ea9c45a75af883890,md-1-80-2-3,bracket,md,2
ne5ed6ea97a659566--slur--start--1,n1843--slur--start--1,slur,stamp,ne5ed6ea97a659566
nc43369e831a47e15--slur--stop--1,n1850--slur--stop--1,slur,stamp,nc43369e831a47e15
n2728ae16eafffe65--tie--1,,tie,derive,n2728ae16eafffe65
n2728ae16eafffe65--tied--start--1,n1851--tied--start--1,tied,stamp,n2728ae16eafffe65
eeb20a17515d6c593,md-1-81-1-1,words,md,1
n00a28420c361430a--slur--start--1,n1853--slur--start--1,slur,stamp,n00a28420c361430a
n6901d337277f37c5--slur--stop--1,n1862--slur--stop--1,slur,stamp,n6901d337277f37c5
nfe9d9fb37229a24b--tie--1,,tie,derive,nfe9d9fb37229a24b
nfe9d9fb37229a24b--tied--stop--1,n1863--tied--stop--1,tied,stamp,nfe9d9fb37229a24b
naf4bacc4de9474dc--tie--1,,tie,derive,naf4bacc4de9474dc
naf4bacc4de9474dc--tied--start--1,n1864--tied--start--1,tied,stamp,naf4bacc4de9474dc
nb821e6faff030fc7--slur--start--1,n1867--slur--start--1,slur,stamp,nb821e6faff030fc7
ncfc757c7d51ddd31--slur--stop--1,n1876--slur--stop--1,slur,stamp,ncfc757c7d51ddd31
n284a025c3ca55642--tie--1,,tie,derive,n284a025c3ca55642
n284a025c3ca55642--tied--stop--1,n1877--tied--stop--1,tied,stamp,n284a025c3ca55642
n74f7043233332c98--tie--1,,tie,derive,n74f7043233332c98
n74f7043233332c98--tied--start--1,n1880--tied--start--1,tied,stamp,n74f7043233332c98
n0f57d0076f334eb2--slur--start--1,n1881--slur--start--1,slur,stamp,n0f57d0076f334eb2
n9b762125276d284b--slur--stop--1,n1885--slur--stop--1,slur,stamp,n9b762125276d284b
nc8278c2f39aaa27c--slur--start--1,n1886--slur--start--1,slur,stamp,nc8278c2f39aaa27c
nc8329cc8fad92b82--slur--stop--1,n1890--slur--stop--1,slur,stamp,nc8329cc8fad92b82
n950bdf5d4136af3c--tie--1,,tie,derive,n950bdf5d4136af3c
n950bdf5d4136af3c--tied--stop--1,n1893--tied--stop--1,tied,stamp,n950bdf5d4136af3c
nce85279a36cc590d--arpeggiate--1,n1894--arpeggiate--1,arpeggiate,stamp,nce85279a36cc590d
nb1074e9069447a93--arpeggiate--1,n1895--arpeggiate--1,arpeggiate,stamp,nb1074e9069447a93
ncd08b14beb32c0fb--arpeggiate--1,n1896--arpeggiate--1,arpeggiate,stamp,ncd08b14beb32c0fb
n623d9539953291a0--tie--1,,tie,derive,n623d9539953291a0
n623d9539953291a0--tied--start--1,n1899--tied--start--1,tied,stamp,n623d9539953291a0
n6c4dc7f01593a657--tie--1,,tie,derive,n6c4dc7f01593a657
n6c4dc7f01593a657--tied--start--1,n1900--tied--start--1,tied,stamp,n6c4dc7f01593a657
n041452fb45acc099--slur--start--1,n1902--slur--start--1,slur,stamp,n041452fb45acc099
n53f17d88f951375b--slur--stop--1,n1909--slur--stop--1,slur,stamp,n53f17d88f951375b
n52e7d730b302c2f3--tie--1,,tie,derive,n52e7d730b302c2f3
n52e7d730b302c2f3--tied--stop--1,n1910--tied--stop--1,tied,stamp,n52e7d730b302c2f3
n57c03c3769683eed--tie--1,,tie,derive,n57c03c3769683eed
n57c03c3769683eed--tied--stop--1,n1911--tied--stop--1,tied,stamp,n57c03c3769683eed
n67aa857f6a01aad0--tie--1,,tie,derive,n67aa857f6a01aad0
n67aa857f6a01aad0--tied--start--1,n1913--tied--start--1,tied,stamp,n67aa857f6a01aad0
nfd6ca9ce069aebc3--tie--1,,tie,derive,nfd6ca9ce069aebc3
nfd6ca9ce069aebc3--tied--start--1,n1914--tied--start--1,tied,stamp,nfd6ca9ce069aebc3
nf65740ac1ad528cc--slur--start--1,n1917--slur--start--1,slur,stamp,nf65740ac1ad528cc
nee7e623cb2c29906--slur--stop--1,n1924--slur--stop--1,slur,stamp,nee7e623cb2c29906
n2411c1bf9482b6fc--tie--1,,tie,derive,n2411c1bf9482b6fc
n2411c1bf9482b6fc--tied--stop--1,n1925--tied--stop--1,tied,stamp,n2411c1bf9482b6fc
n4974fe2482a76e4a--tie--1,,tie,derive,n4974fe2482a76e4a
n4974fe2482a76e4a--tied--stop--1,n1926--tied--stop--1,tied,stamp,n4974fe2482a76e4a
nb1e32dcd5556a8eb--slur--start--1,n1932--slur--start--1,slur,stamp,nb1e32dcd5556a8eb
nd7b2b28ca2e7b063--slur--stop--1,n1937--slur--stop--1,slur,stamp,nd7b2b28ca2e7b063
e0c2631b42dd767f3,md-1-87-2-1,wedge,md,2
n32f899d597624fa0--slur--start--1,n1944--slur--start--1,slur,stamp,n32f899d597624fa0
n574f86bc675f4561--slur--stop--1,n1946--slur--stop--1,slur,stamp,n574f86bc675f4561
nbe1ffb286cf9fa9d--slur--start--1,n1947--slur--start--1,slur,stamp,nbe1ffb286cf9fa9d
nda8a8b6aa50295e2--tie--1,,tie,derive,nda8a8b6aa50295e2
nda8a8b6aa50295e2--tied--start--1,n1949--tied--start--1,tied,stamp,nda8a8b6aa50295e2
nda8a8b6aa50295e2--slur--stop--1,n1949--slur--stop--1,slur,stamp,nda8a8b6aa50295e2
eb612aa1bcbd86c8e,md-1-88-2-1,wedge,md,2
n97a0e77253be2bae--tenuto--1,,tenuto,derive,n97a0e77253be2bae
ncf0caf5dc0cde62e--tie--1,,tie,derive,ncf0caf5dc0cde62e
ncf0caf5dc0cde62e--tied--stop--1,n1958--tied--stop--1,tied,stamp,ncf0caf5dc0cde62e
n65d64622906a4f3e--slur--start--1,n1960--slur--start--1,slur,stamp,n65d64622906a4f3e
n8c546b2781d4d0f1--slur--stop--1,n1967--slur--stop--1,slur,stamp,n8c546b2781d4d0f1
ec34ca7dd3f91e9fa,md-1-89-1-1,words,md,1
e4227f97f7af7d468,md-1-89-1-2,octave-shift,md,1
n1ee3736c7abbad83--tenuto--1,,tenuto,derive,n1ee3736c7abbad83
n261bec02730cf692--tenuto--1,,tenuto,derive,n261bec02730cf692
nc01be32da55091ee--slur--start--1,n1972--slur--start--1,slur,stamp,nc01be32da55091ee
n725856e8d14179b5--slur--stop--1,n1974--slur--stop--1,slur,stamp,n725856e8d14179b5
n3865f7a9ce0a6658--slur--start--1,n1975--slur--start--1,slur,stamp,n3865f7a9ce0a6658
n10c211c91b4b703b--slur--stop--1,n1977--slur--stop--1,slur,stamp,n10c211c91b4b703b
nf28da289607ed257--tie--1,,tie,derive,nf28da289607ed257
nf28da289607ed257--tied--start--1,n1982--tied--start--1,tied,stamp,nf28da289607ed257
naeb3c8804ab78840--tie--1,,tie,derive,naeb3c8804ab78840
naeb3c8804ab78840--tied--start--1,n1983--tied--start--1,tied,stamp,naeb3c8804ab78840
nfae5dfb39f04d719--tenuto--1,,tenuto,derive,nfae5dfb39f04d719
na6c7c903b2873c30--tie--1,,tie,derive,na6c7c903b2873c30
na6c7c903b2873c30--tied--stop--1,n1993--tied--stop--1,tied,stamp,na6c7c903b2873c30
n08986bb652f0191e--tie--1,,tie,derive,n08986bb652f0191e
n08986bb652f0191e--tied--stop--1,n1994--tied--stop--1,tied,stamp,n08986bb652f0191e
n15d07d52d1290ff2--tenuto--1,,tenuto,derive,n15d07d52d1290ff2
n1320d55680fb052c--tenuto--1,,tenuto,derive,n1320d55680fb052c
ned7a60b206f9c700--tenuto--1,,tenuto,derive,ned7a60b206f9c700
nc23503c1ac9f338f--tenuto--1,,tenuto,derive,nc23503c1ac9f338f
n918f180540b5084c--tenuto--1,,tenuto,derive,n918f180540b5084c
ea4fda9456f445d29,md-1-94-2-1,wedge,md,2
n46bf628dc26017fe--tie--1,,tie,derive,n46bf628dc26017fe
n46bf628dc26017fe--tied--start--1,n2037--tied--start--1,tied,stamp,n46bf628dc26017fe
n46bf628dc26017fe--accent--1,,accent,derive,n46bf628dc26017fe
nab5a7113f8084a09--tie--1,,tie,derive,nab5a7113f8084a09
nab5a7113f8084a09--tied--start--1,n2040--tied--start--1,tied,stamp,nab5a7113f8084a09
n337325fdcb576726--tie--1,,tie,derive,n337325fdcb576726
n337325fdcb576726--tied--start--1,n2041--tied--start--1,tied,stamp,n337325fdcb576726
e406cc2fdcf4c7073,md-1-95-1-1,octave-shift,md,1
ea036789437013b17,md-1-95-2-1,wedge,md,2
e70a8093d18f8ef2d,md-1-95-2-2,bracket,md,2
ne2c71b15fc7eab1a--tie--1,,tie,derive,ne2c71b15fc7eab1a
ne2c71b15fc7eab1a--tied--stop--1,n2043--tied--stop--1,tied,stamp,ne2c71b15fc7eab1a
nba16dc281704cde2--tie--1,,tie,derive,nba16dc281704cde2
nba16dc281704cde2--tied--stop--1,n2048--tied--stop--1,tied,stamp,nba16dc281704cde2
n42b3de72dd5b4edc--tie--1,,tie,derive,n42b3de72dd5b4edc
n42b3de72dd5b4edc--tied--stop--1,n2049--tied--stop--1,tied,stamp,n42b3de72dd5b4edc
e86fe55d2fde092cc,md-1-96-2-1,wedge,md,2
ee3a28bd242ef15cc,md-1-96-2-2,wedge,md,2
n1970a70c267956dc--tuplet--start--1,n2053--tuplet--start--1,tuplet,stamp,n1970a70c267956dc
nad3cfbc89aa658d2--tuplet--stop--1,n2055--tuplet--stop--1,tuplet,stamp,nad3cfbc89aa658d2
n7431d2fe4f103c6c--tie--1,,tie,derive,n7431d2fe4f103c6c
n7431d2fe4f103c6c--tied--start--1,n2058--tied--start--1,tied,stamp,n7431d2fe4f103c6c
n7431d2fe4f103c6c--arpeggiate--1,n2058--arpeggiate--1,arpeggiate,stamp,n7431d2fe4f103c6c
n42d81735ab9fb43f--tie--1,,tie,derive,n42d81735ab9fb43f
n42d81735ab9fb43f--tied--start--1,n2061--tied--start--1,tied,stamp,n42d81735ab9fb43f
n86b67a8664725ea1--tie--1,,tie,derive,n86b67a8664725ea1
n86b67a8664725ea1--tied--start--1,n2062--tied--start--1,tied,stamp,n86b67a8664725ea1
e1ff93ac7235639cb,md-1-97-2-1,wedge,md,2
e9f071a0544bf0642,md-1-97-2-2,wedge,md,2
ed7beaa7df70f0b57,md-1-97-2-3,bracket,md,2
n7a7d51f70a3e3da5--tie--1,,tie,derive,n7a7d51f70a3e3da5
n7a7d51f70a3e3da5--tied--stop--1,n2064--tied--stop--1,tied,stamp,n7a7d51f70a3e3da5
n317937b8df3e604e--tie--1,,tie,derive,n317937b8df3e604e
n317937b8df3e604e--tied--stop--1,n2065--tied--stop--1,tied,stamp,n317937b8df3e604e
ne54055011a19c786--tie--1,,tie,derive,ne54055011a19c786
ne54055011a19c786--tied--stop--1,n2066--tied--stop--1,tied,stamp,ne54055011a19c786
